<?xml version="1.0" encoding="UTF-8"?>
<gpx version="1.1" creator="Pyrolos" xmlns="http://www.topografix.com/GPX/1/1">
  <metadata><name>Pyrolos - Soulor et Aubisque depuis Jurançon</name></metadata>
  <trk>
    <name>Pyrolos - Soulor et Aubisque depuis Jurançon</name>
    <trkseg>
      <trkpt lat="43.280336" lon="-0.387637"/>
      <trkpt lat="43.279624" lon="-0.387736"/>
      <trkpt lat="43.279541" lon="-0.387748"/>
      <trkpt lat="43.279460" lon="-0.387756"/>
      <trkpt lat="43.279219" lon="-0.387780"/>
      <trkpt lat="43.279170" lon="-0.387784"/>
      <trkpt lat="43.279094" lon="-0.387833"/>
      <trkpt lat="43.279020" lon="-0.387855"/>
      <trkpt lat="43.278889" lon="-0.387934"/>
      <trkpt lat="43.278843" lon="-0.388011"/>
      <trkpt lat="43.278829" lon="-0.388070"/>
      <trkpt lat="43.278859" lon="-0.388159"/>
      <trkpt lat="43.278871" lon="-0.388263"/>
      <trkpt lat="43.278863" lon="-0.388361"/>
      <trkpt lat="43.278837" lon="-0.388476"/>
      <trkpt lat="43.278791" lon="-0.388568"/>
      <trkpt lat="43.278733" lon="-0.388631"/>
      <trkpt lat="43.278669" lon="-0.388670"/>
      <trkpt lat="43.278598" lon="-0.388696"/>
      <trkpt lat="43.278512" lon="-0.388693"/>
      <trkpt lat="43.278430" lon="-0.388662"/>
      <trkpt lat="43.278376" lon="-0.388617"/>
      <trkpt lat="43.278337" lon="-0.388566"/>
      <trkpt lat="43.278308" lon="-0.388503"/>
      <trkpt lat="43.278280" lon="-0.388421"/>
      <trkpt lat="43.278263" lon="-0.388334"/>
      <trkpt lat="43.278226" lon="-0.388176"/>
      <trkpt lat="43.278153" lon="-0.388107"/>
      <trkpt lat="43.278086" lon="-0.388089"/>
      <trkpt lat="43.278018" lon="-0.388072"/>
      <trkpt lat="43.277791" lon="-0.388024"/>
      <trkpt lat="43.277722" lon="-0.388031"/>
      <trkpt lat="43.277468" lon="-0.388065"/>
      <trkpt lat="43.277342" lon="-0.388083"/>
      <trkpt lat="43.277203" lon="-0.388103"/>
      <trkpt lat="43.277024" lon="-0.388129"/>
      <trkpt lat="43.276892" lon="-0.388148"/>
      <trkpt lat="43.275648" lon="-0.388323"/>
      <trkpt lat="43.275444" lon="-0.388352"/>
      <trkpt lat="43.271654" lon="-0.388886"/>
      <trkpt lat="43.271507" lon="-0.388904"/>
      <trkpt lat="43.271344" lon="-0.388927"/>
      <trkpt lat="43.271249" lon="-0.388939"/>
      <trkpt lat="43.271225" lon="-0.388943"/>
      <trkpt lat="43.271132" lon="-0.388956"/>
      <trkpt lat="43.270607" lon="-0.389032"/>
      <trkpt lat="43.267431" lon="-0.389506"/>
      <trkpt lat="43.267403" lon="-0.389510"/>
      <trkpt lat="43.267262" lon="-0.389529"/>
      <trkpt lat="43.267055" lon="-0.389562"/>
      <trkpt lat="43.265778" lon="-0.389752"/>
      <trkpt lat="43.263567" lon="-0.390069"/>
      <trkpt lat="43.262902" lon="-0.390162"/>
      <trkpt lat="43.262724" lon="-0.390190"/>
      <trkpt lat="43.262442" lon="-0.390233"/>
      <trkpt lat="43.262182" lon="-0.390271"/>
      <trkpt lat="43.261783" lon="-0.390330"/>
      <trkpt lat="43.259568" lon="-0.390640"/>
      <trkpt lat="43.259185" lon="-0.390684"/>
      <trkpt lat="43.259016" lon="-0.390688"/>
      <trkpt lat="43.258866" lon="-0.390671"/>
      <trkpt lat="43.258824" lon="-0.390666"/>
      <trkpt lat="43.258678" lon="-0.390648"/>
      <trkpt lat="43.258493" lon="-0.390619"/>
      <trkpt lat="43.257808" lon="-0.390460"/>
      <trkpt lat="43.256982" lon="-0.390270"/>
      <trkpt lat="43.256495" lon="-0.390157"/>
      <trkpt lat="43.256445" lon="-0.390146"/>
      <trkpt lat="43.255147" lon="-0.389846"/>
      <trkpt lat="43.254529" lon="-0.389713"/>
      <trkpt lat="43.254236" lon="-0.389648"/>
      <trkpt lat="43.254164" lon="-0.389635"/>
      <trkpt lat="43.254085" lon="-0.389620"/>
      <trkpt lat="43.253791" lon="-0.389567"/>
      <trkpt lat="43.253759" lon="-0.389560"/>
      <trkpt lat="43.253653" lon="-0.389539"/>
      <trkpt lat="43.253594" lon="-0.389525"/>
      <trkpt lat="43.251834" lon="-0.389152"/>
      <trkpt lat="43.248206" lon="-0.388312"/>
      <trkpt lat="43.247730" lon="-0.388218"/>
      <trkpt lat="43.247071" lon="-0.388323"/>
      <trkpt lat="43.246860" lon="-0.388428"/>
      <trkpt lat="43.246645" lon="-0.388568"/>
      <trkpt lat="43.246620" lon="-0.388649"/>
      <trkpt lat="43.246584" lon="-0.388717"/>
      <trkpt lat="43.246536" lon="-0.388771"/>
      <trkpt lat="43.246481" lon="-0.388808"/>
      <trkpt lat="43.246437" lon="-0.388822"/>
      <trkpt lat="43.246369" lon="-0.388823"/>
      <trkpt lat="43.246303" lon="-0.388800"/>
      <trkpt lat="43.246244" lon="-0.388753"/>
      <trkpt lat="43.246187" lon="-0.388669"/>
      <trkpt lat="43.246156" lon="-0.388579"/>
      <trkpt lat="43.246145" lon="-0.388481"/>
      <trkpt lat="43.246155" lon="-0.388384"/>
      <trkpt lat="43.246208" lon="-0.388247"/>
      <trkpt lat="43.246207" lon="-0.388111"/>
      <trkpt lat="43.246166" lon="-0.387971"/>
      <trkpt lat="43.246057" lon="-0.387830"/>
      <trkpt lat="43.244786" lon="-0.387574"/>
      <trkpt lat="43.244537" lon="-0.387503"/>
      <trkpt lat="43.244298" lon="-0.387437"/>
      <trkpt lat="43.244097" lon="-0.387304"/>
      <trkpt lat="43.243987" lon="-0.387192"/>
      <trkpt lat="43.243835" lon="-0.386991"/>
      <trkpt lat="43.243725" lon="-0.386754"/>
      <trkpt lat="43.243573" lon="-0.386262"/>
      <trkpt lat="43.243501" lon="-0.386073"/>
      <trkpt lat="43.243413" lon="-0.385863"/>
      <trkpt lat="43.243280" lon="-0.385632"/>
      <trkpt lat="43.243078" lon="-0.385459"/>
      <trkpt lat="43.242929" lon="-0.385380"/>
      <trkpt lat="43.242876" lon="-0.385370"/>
      <trkpt lat="43.242661" lon="-0.385341"/>
      <trkpt lat="43.242423" lon="-0.385396"/>
      <trkpt lat="43.242255" lon="-0.385483"/>
      <trkpt lat="43.240438" lon="-0.387092"/>
      <trkpt lat="43.240310" lon="-0.387281"/>
      <trkpt lat="43.239750" lon="-0.388106"/>
      <trkpt lat="43.239000" lon="-0.389213"/>
      <trkpt lat="43.238893" lon="-0.389333"/>
      <trkpt lat="43.238767" lon="-0.389439"/>
      <trkpt lat="43.238644" lon="-0.389516"/>
      <trkpt lat="43.238534" lon="-0.389553"/>
      <trkpt lat="43.238398" lon="-0.389598"/>
      <trkpt lat="43.237832" lon="-0.389747"/>
      <trkpt lat="43.237652" lon="-0.389795"/>
      <trkpt lat="43.237397" lon="-0.389863"/>
      <trkpt lat="43.237324" lon="-0.389881"/>
      <trkpt lat="43.237151" lon="-0.389927"/>
      <trkpt lat="43.237133" lon="-0.389931"/>
      <trkpt lat="43.237012" lon="-0.389985"/>
      <trkpt lat="43.236807" lon="-0.390053"/>
      <trkpt lat="43.236798" lon="-0.390081"/>
      <trkpt lat="43.236785" lon="-0.390106"/>
      <trkpt lat="43.236767" lon="-0.390124"/>
      <trkpt lat="43.236746" lon="-0.390136"/>
      <trkpt lat="43.236723" lon="-0.390139"/>
      <trkpt lat="43.236701" lon="-0.390134"/>
      <trkpt lat="43.236680" lon="-0.390122"/>
      <trkpt lat="43.236664" lon="-0.390104"/>
      <trkpt lat="43.236409" lon="-0.390046"/>
      <trkpt lat="43.236219" lon="-0.390006"/>
      <trkpt lat="43.236007" lon="-0.389928"/>
      <trkpt lat="43.235042" lon="-0.389530"/>
      <trkpt lat="43.234805" lon="-0.389437"/>
      <trkpt lat="43.234775" lon="-0.389423"/>
      <trkpt lat="43.234591" lon="-0.389341"/>
      <trkpt lat="43.234463" lon="-0.389287"/>
      <trkpt lat="43.234112" lon="-0.389150"/>
      <trkpt lat="43.233231" lon="-0.388778"/>
      <trkpt lat="43.232974" lon="-0.388670"/>
      <trkpt lat="43.232728" lon="-0.388568"/>
      <trkpt lat="43.232619" lon="-0.388526"/>
      <trkpt lat="43.232431" lon="-0.388450"/>
      <trkpt lat="43.232183" lon="-0.388367"/>
      <trkpt lat="43.231953" lon="-0.388363"/>
      <trkpt lat="43.231826" lon="-0.388374"/>
      <trkpt lat="43.231708" lon="-0.388384"/>
      <trkpt lat="43.231611" lon="-0.388396"/>
      <trkpt lat="43.231440" lon="-0.388416"/>
      <trkpt lat="43.231297" lon="-0.388434"/>
      <trkpt lat="43.231105" lon="-0.388458"/>
      <trkpt lat="43.230995" lon="-0.388470"/>
      <trkpt lat="43.230875" lon="-0.388497"/>
      <trkpt lat="43.230706" lon="-0.388528"/>
      <trkpt lat="43.230044" lon="-0.388616"/>
      <trkpt lat="43.229819" lon="-0.388617"/>
      <trkpt lat="43.229678" lon="-0.388600"/>
      <trkpt lat="43.229578" lon="-0.388583"/>
      <trkpt lat="43.229540" lon="-0.388577"/>
      <trkpt lat="43.229047" lon="-0.388532"/>
      <trkpt lat="43.229010" lon="-0.388542"/>
      <trkpt lat="43.228957" lon="-0.388523"/>
      <trkpt lat="43.228885" lon="-0.388514"/>
      <trkpt lat="43.228841" lon="-0.388510"/>
      <trkpt lat="43.228747" lon="-0.388494"/>
      <trkpt lat="43.228676" lon="-0.388482"/>
      <trkpt lat="43.228632" lon="-0.388479"/>
      <trkpt lat="43.228418" lon="-0.388477"/>
      <trkpt lat="43.228161" lon="-0.388484"/>
      <trkpt lat="43.227934" lon="-0.388514"/>
      <trkpt lat="43.227667" lon="-0.388586"/>
      <trkpt lat="43.227622" lon="-0.388609"/>
      <trkpt lat="43.227155" lon="-0.388848"/>
      <trkpt lat="43.226955" lon="-0.389000"/>
      <trkpt lat="43.226480" lon="-0.389443"/>
      <trkpt lat="43.226334" lon="-0.389617"/>
      <trkpt lat="43.226305" lon="-0.389659"/>
      <trkpt lat="43.226264" lon="-0.389720"/>
      <trkpt lat="43.226256" lon="-0.389775"/>
      <trkpt lat="43.226238" lon="-0.389826"/>
      <trkpt lat="43.226210" lon="-0.389867"/>
      <trkpt lat="43.226174" lon="-0.389896"/>
      <trkpt lat="43.226134" lon="-0.389910"/>
      <trkpt lat="43.226089" lon="-0.389907"/>
      <trkpt lat="43.226047" lon="-0.389886"/>
      <trkpt lat="43.226011" lon="-0.389847"/>
      <trkpt lat="43.225991" lon="-0.389809"/>
      <trkpt lat="43.225978" lon="-0.389766"/>
      <trkpt lat="43.225886" lon="-0.389645"/>
      <trkpt lat="43.225761" lon="-0.389518"/>
      <trkpt lat="43.225610" lon="-0.389396"/>
      <trkpt lat="43.225246" lon="-0.389067"/>
      <trkpt lat="43.225223" lon="-0.389048"/>
      <trkpt lat="43.225125" lon="-0.388971"/>
      <trkpt lat="43.224999" lon="-0.388878"/>
      <trkpt lat="43.224903" lon="-0.388820"/>
      <trkpt lat="43.224847" lon="-0.388789"/>
      <trkpt lat="43.224812" lon="-0.388770"/>
      <trkpt lat="43.224544" lon="-0.388640"/>
      <trkpt lat="43.224437" lon="-0.388599"/>
      <trkpt lat="43.224243" lon="-0.388531"/>
      <trkpt lat="43.223762" lon="-0.388379"/>
      <trkpt lat="43.223408" lon="-0.388267"/>
      <trkpt lat="43.223345" lon="-0.388248"/>
      <trkpt lat="43.223191" lon="-0.388203"/>
      <trkpt lat="43.222692" lon="-0.388048"/>
      <trkpt lat="43.222551" lon="-0.388004"/>
      <trkpt lat="43.222459" lon="-0.387974"/>
      <trkpt lat="43.222386" lon="-0.387956"/>
      <trkpt lat="43.222287" lon="-0.387921"/>
      <trkpt lat="43.222178" lon="-0.387878"/>
      <trkpt lat="43.221135" lon="-0.387558"/>
      <trkpt lat="43.221048" lon="-0.387531"/>
      <trkpt lat="43.220985" lon="-0.387512"/>
      <trkpt lat="43.220768" lon="-0.387432"/>
      <trkpt lat="43.220568" lon="-0.387340"/>
      <trkpt lat="43.220355" lon="-0.387224"/>
      <trkpt lat="43.220066" lon="-0.387024"/>
      <trkpt lat="43.219737" lon="-0.386763"/>
      <trkpt lat="43.219423" lon="-0.386472"/>
      <trkpt lat="43.219289" lon="-0.386319"/>
      <trkpt lat="43.219060" lon="-0.386048"/>
      <trkpt lat="43.218981" lon="-0.385955"/>
      <trkpt lat="43.218928" lon="-0.385869"/>
      <trkpt lat="43.218862" lon="-0.385782"/>
      <trkpt lat="43.218788" lon="-0.385656"/>
      <trkpt lat="43.218549" lon="-0.385240"/>
      <trkpt lat="43.218273" lon="-0.384778"/>
      <trkpt lat="43.218152" lon="-0.384582"/>
      <trkpt lat="43.218032" lon="-0.384411"/>
      <trkpt lat="43.217989" lon="-0.384358"/>
      <trkpt lat="43.217927" lon="-0.384302"/>
      <trkpt lat="43.217798" lon="-0.384191"/>
      <trkpt lat="43.217659" lon="-0.384101"/>
      <trkpt lat="43.217416" lon="-0.383992"/>
      <trkpt lat="43.217399" lon="-0.383986"/>
      <trkpt lat="43.217288" lon="-0.383953"/>
      <trkpt lat="43.217166" lon="-0.383931"/>
      <trkpt lat="43.216979" lon="-0.383914"/>
      <trkpt lat="43.216805" lon="-0.383891"/>
      <trkpt lat="43.216320" lon="-0.383851"/>
      <trkpt lat="43.215796" lon="-0.383850"/>
      <trkpt lat="43.215346" lon="-0.383914"/>
      <trkpt lat="43.214897" lon="-0.383994"/>
      <trkpt lat="43.214614" lon="-0.384066"/>
      <trkpt lat="43.213623" lon="-0.384433"/>
      <trkpt lat="43.213379" lon="-0.384496"/>
      <trkpt lat="43.213197" lon="-0.384504"/>
      <trkpt lat="43.212974" lon="-0.384481"/>
      <trkpt lat="43.212680" lon="-0.384391"/>
      <trkpt lat="43.212429" lon="-0.384273"/>
      <trkpt lat="43.211929" lon="-0.383920"/>
      <trkpt lat="43.211600" lon="-0.383754"/>
      <trkpt lat="43.211252" lon="-0.383649"/>
      <trkpt lat="43.210967" lon="-0.383607"/>
      <trkpt lat="43.210721" lon="-0.383600"/>
      <trkpt lat="43.210413" lon="-0.383662"/>
      <trkpt lat="43.209234" lon="-0.384005"/>
      <trkpt lat="43.207272" lon="-0.384557"/>
      <trkpt lat="43.207110" lon="-0.384603"/>
      <trkpt lat="43.206881" lon="-0.384675"/>
      <trkpt lat="43.206595" lon="-0.384752"/>
      <trkpt lat="43.206290" lon="-0.384872"/>
      <trkpt lat="43.206026" lon="-0.384988"/>
      <trkpt lat="43.205709" lon="-0.385208"/>
      <trkpt lat="43.205050" lon="-0.385895"/>
      <trkpt lat="43.204582" lon="-0.386443"/>
      <trkpt lat="43.204324" lon="-0.386814"/>
      <trkpt lat="43.204092" lon="-0.387088"/>
      <trkpt lat="43.203323" lon="-0.388021"/>
      <trkpt lat="43.203123" lon="-0.388203"/>
      <trkpt lat="43.202937" lon="-0.388344"/>
      <trkpt lat="43.202589" lon="-0.388478"/>
      <trkpt lat="43.202322" lon="-0.388515"/>
      <trkpt lat="43.202035" lon="-0.388465"/>
      <trkpt lat="43.201662" lon="-0.388309"/>
      <trkpt lat="43.201373" lon="-0.388237"/>
      <trkpt lat="43.201080" lon="-0.388216"/>
      <trkpt lat="43.200619" lon="-0.388304"/>
      <trkpt lat="43.200250" lon="-0.388368"/>
      <trkpt lat="43.200088" lon="-0.388360"/>
      <trkpt lat="43.199906" lon="-0.388307"/>
      <trkpt lat="43.199742" lon="-0.388240"/>
      <trkpt lat="43.199606" lon="-0.388159"/>
      <trkpt lat="43.199488" lon="-0.388078"/>
      <trkpt lat="43.198971" lon="-0.387653"/>
      <trkpt lat="43.198808" lon="-0.387517"/>
      <trkpt lat="43.198633" lon="-0.387400"/>
      <trkpt lat="43.198473" lon="-0.387334"/>
      <trkpt lat="43.198336" lon="-0.387315"/>
      <trkpt lat="43.198215" lon="-0.387320"/>
      <trkpt lat="43.198093" lon="-0.387353"/>
      <trkpt lat="43.197928" lon="-0.387431"/>
      <trkpt lat="43.197774" lon="-0.387540"/>
      <trkpt lat="43.197639" lon="-0.387655"/>
      <trkpt lat="43.197418" lon="-0.387908"/>
      <trkpt lat="43.197253" lon="-0.388147"/>
      <trkpt lat="43.197046" lon="-0.388474"/>
      <trkpt lat="43.196849" lon="-0.388814"/>
      <trkpt lat="43.196720" lon="-0.388992"/>
      <trkpt lat="43.196611" lon="-0.389122"/>
      <trkpt lat="43.196422" lon="-0.389306"/>
      <trkpt lat="43.196291" lon="-0.389398"/>
      <trkpt lat="43.196106" lon="-0.389493"/>
      <trkpt lat="43.195884" lon="-0.389561"/>
      <trkpt lat="43.195565" lon="-0.389632"/>
      <trkpt lat="43.194759" lon="-0.389786"/>
      <trkpt lat="43.194323" lon="-0.389845"/>
      <trkpt lat="43.193620" lon="-0.389878"/>
      <trkpt lat="43.193218" lon="-0.389893"/>
      <trkpt lat="43.192991" lon="-0.389923"/>
      <trkpt lat="43.192742" lon="-0.389987"/>
      <trkpt lat="43.192429" lon="-0.390106"/>
      <trkpt lat="43.192033" lon="-0.390306"/>
      <trkpt lat="43.191821" lon="-0.390451"/>
      <trkpt lat="43.191622" lon="-0.390610"/>
      <trkpt lat="43.191350" lon="-0.390892"/>
      <trkpt lat="43.190550" lon="-0.392032"/>
      <trkpt lat="43.190341" lon="-0.392257"/>
      <trkpt lat="43.190080" lon="-0.392488"/>
      <trkpt lat="43.189069" lon="-0.393328"/>
      <trkpt lat="43.188675" lon="-0.393652"/>
      <trkpt lat="43.188505" lon="-0.393746"/>
      <trkpt lat="43.188356" lon="-0.393797"/>
      <trkpt lat="43.188222" lon="-0.393827"/>
      <trkpt lat="43.188062" lon="-0.393823"/>
      <trkpt lat="43.187894" lon="-0.393798"/>
      <trkpt lat="43.187751" lon="-0.393758"/>
      <trkpt lat="43.187379" lon="-0.393625"/>
      <trkpt lat="43.187025" lon="-0.393483"/>
      <trkpt lat="43.186873" lon="-0.393418"/>
      <trkpt lat="43.186742" lon="-0.393339"/>
      <trkpt lat="43.184912" lon="-0.392154"/>
      <trkpt lat="43.184721" lon="-0.392048"/>
      <trkpt lat="43.184513" lon="-0.391981"/>
      <trkpt lat="43.184320" lon="-0.391962"/>
      <trkpt lat="43.184143" lon="-0.391987"/>
      <trkpt lat="43.183632" lon="-0.392104"/>
      <trkpt lat="43.183527" lon="-0.392111"/>
      <trkpt lat="43.183429" lon="-0.392101"/>
      <trkpt lat="43.182372" lon="-0.391787"/>
      <trkpt lat="43.182183" lon="-0.391761"/>
      <trkpt lat="43.181933" lon="-0.391755"/>
      <trkpt lat="43.181655" lon="-0.391800"/>
      <trkpt lat="43.181022" lon="-0.392022"/>
      <trkpt lat="43.180763" lon="-0.392052"/>
      <trkpt lat="43.180418" lon="-0.392020"/>
      <trkpt lat="43.179999" lon="-0.391938"/>
      <trkpt lat="43.179804" lon="-0.391945"/>
      <trkpt lat="43.179599" lon="-0.392000"/>
      <trkpt lat="43.179424" lon="-0.392079"/>
      <trkpt lat="43.179234" lon="-0.392222"/>
      <trkpt lat="43.179091" lon="-0.392384"/>
      <trkpt lat="43.178922" lon="-0.392642"/>
      <trkpt lat="43.178753" lon="-0.392961"/>
      <trkpt lat="43.178616" lon="-0.393177"/>
      <trkpt lat="43.178471" lon="-0.393347"/>
      <trkpt lat="43.178342" lon="-0.393454"/>
      <trkpt lat="43.178190" lon="-0.393540"/>
      <trkpt lat="43.178011" lon="-0.393598"/>
      <trkpt lat="43.177322" lon="-0.393702"/>
      <trkpt lat="43.177108" lon="-0.393738"/>
      <trkpt lat="43.176846" lon="-0.393823"/>
      <trkpt lat="43.176615" lon="-0.393914"/>
      <trkpt lat="43.175833" lon="-0.394323"/>
      <trkpt lat="43.175129" lon="-0.394579"/>
      <trkpt lat="43.174740" lon="-0.394668"/>
      <trkpt lat="43.174533" lon="-0.394673"/>
      <trkpt lat="43.174271" lon="-0.394614"/>
      <trkpt lat="43.174117" lon="-0.394532"/>
      <trkpt lat="43.174006" lon="-0.394483"/>
      <trkpt lat="43.173761" lon="-0.394400"/>
      <trkpt lat="43.173538" lon="-0.394401"/>
      <trkpt lat="43.173309" lon="-0.394459"/>
      <trkpt lat="43.172945" lon="-0.394640"/>
      <trkpt lat="43.172697" lon="-0.394729"/>
      <trkpt lat="43.172456" lon="-0.394767"/>
      <trkpt lat="43.172171" lon="-0.394789"/>
      <trkpt lat="43.171812" lon="-0.394773"/>
      <trkpt lat="43.171022" lon="-0.394582"/>
      <trkpt lat="43.170770" lon="-0.394560"/>
      <trkpt lat="43.170556" lon="-0.394590"/>
      <trkpt lat="43.170420" lon="-0.394633"/>
      <trkpt lat="43.170305" lon="-0.394695"/>
      <trkpt lat="43.170154" lon="-0.394787"/>
      <trkpt lat="43.170041" lon="-0.394889"/>
      <trkpt lat="43.169916" lon="-0.395037"/>
      <trkpt lat="43.169810" lon="-0.395185"/>
      <trkpt lat="43.169406" lon="-0.395848"/>
      <trkpt lat="43.169243" lon="-0.396116"/>
      <trkpt lat="43.169086" lon="-0.396400"/>
      <trkpt lat="43.169062" lon="-0.396445"/>
      <trkpt lat="43.168924" lon="-0.396632"/>
      <trkpt lat="43.168845" lon="-0.396730"/>
      <trkpt lat="43.168702" lon="-0.396872"/>
      <trkpt lat="43.168535" lon="-0.396981"/>
      <trkpt lat="43.168375" lon="-0.397059"/>
      <trkpt lat="43.168214" lon="-0.397116"/>
      <trkpt lat="43.168054" lon="-0.397142"/>
      <trkpt lat="43.167598" lon="-0.397176"/>
      <trkpt lat="43.167021" lon="-0.397288"/>
      <trkpt lat="43.166116" lon="-0.397581"/>
      <trkpt lat="43.165791" lon="-0.397664"/>
      <trkpt lat="43.165370" lon="-0.397697"/>
      <trkpt lat="43.164909" lon="-0.397641"/>
      <trkpt lat="43.163687" lon="-0.397326"/>
      <trkpt lat="43.163113" lon="-0.397219"/>
      <trkpt lat="43.162927" lon="-0.397203"/>
      <trkpt lat="43.162857" lon="-0.397198"/>
      <trkpt lat="43.162624" lon="-0.397231"/>
      <trkpt lat="43.161999" lon="-0.397349"/>
      <trkpt lat="43.161420" lon="-0.397452"/>
      <trkpt lat="43.161299" lon="-0.397475"/>
      <trkpt lat="43.161096" lon="-0.397526"/>
      <trkpt lat="43.160923" lon="-0.397604"/>
      <trkpt lat="43.160743" lon="-0.397656"/>
      <trkpt lat="43.160561" lon="-0.397719"/>
      <trkpt lat="43.160424" lon="-0.397781"/>
      <trkpt lat="43.160318" lon="-0.397851"/>
      <trkpt lat="43.160222" lon="-0.397926"/>
      <trkpt lat="43.160132" lon="-0.397998"/>
      <trkpt lat="43.160009" lon="-0.398088"/>
      <trkpt lat="43.159668" lon="-0.398462"/>
      <trkpt lat="43.158040" lon="-0.400291"/>
      <trkpt lat="43.157789" lon="-0.400620"/>
      <trkpt lat="43.157638" lon="-0.400855"/>
      <trkpt lat="43.157483" lon="-0.401175"/>
      <trkpt lat="43.157389" lon="-0.401408"/>
      <trkpt lat="43.157301" lon="-0.401675"/>
      <trkpt lat="43.157234" lon="-0.401933"/>
      <trkpt lat="43.156848" lon="-0.403838"/>
      <trkpt lat="43.156627" lon="-0.404930"/>
      <trkpt lat="43.156561" lon="-0.405214"/>
      <trkpt lat="43.156485" lon="-0.405399"/>
      <trkpt lat="43.156380" lon="-0.405598"/>
      <trkpt lat="43.156297" lon="-0.405726"/>
      <trkpt lat="43.156187" lon="-0.405873"/>
      <trkpt lat="43.156081" lon="-0.405973"/>
      <trkpt lat="43.155941" lon="-0.406092"/>
      <trkpt lat="43.155799" lon="-0.406190"/>
      <trkpt lat="43.155773" lon="-0.406205"/>
      <trkpt lat="43.155667" lon="-0.406249"/>
      <trkpt lat="43.155514" lon="-0.406280"/>
      <trkpt lat="43.155369" lon="-0.406301"/>
      <trkpt lat="43.155204" lon="-0.406285"/>
      <trkpt lat="43.155062" lon="-0.406253"/>
      <trkpt lat="43.154837" lon="-0.406177"/>
      <trkpt lat="43.154671" lon="-0.406092"/>
      <trkpt lat="43.152920" lon="-0.404938"/>
      <trkpt lat="43.152192" lon="-0.404440"/>
      <trkpt lat="43.151982" lon="-0.404312"/>
      <trkpt lat="43.151799" lon="-0.404218"/>
      <trkpt lat="43.151655" lon="-0.404174"/>
      <trkpt lat="43.151636" lon="-0.404170"/>
      <trkpt lat="43.151479" lon="-0.404146"/>
      <trkpt lat="43.151332" lon="-0.404124"/>
      <trkpt lat="43.150302" lon="-0.404182"/>
      <trkpt lat="43.150014" lon="-0.404100"/>
      <trkpt lat="43.149762" lon="-0.403986"/>
      <trkpt lat="43.148164" lon="-0.403259"/>
      <trkpt lat="43.147889" lon="-0.403029"/>
      <trkpt lat="43.147521" lon="-0.402599"/>
      <trkpt lat="43.147403" lon="-0.402493"/>
      <trkpt lat="43.147159" lon="-0.402311"/>
      <trkpt lat="43.146834" lon="-0.402064"/>
      <trkpt lat="43.146698" lon="-0.401942"/>
      <trkpt lat="43.146078" lon="-0.401109"/>
      <trkpt lat="43.145665" lon="-0.400524"/>
      <trkpt lat="43.145559" lon="-0.400374"/>
      <trkpt lat="43.145117" lon="-0.399747"/>
      <trkpt lat="43.144896" lon="-0.399468"/>
      <trkpt lat="43.144747" lon="-0.399328"/>
      <trkpt lat="43.144593" lon="-0.399241"/>
      <trkpt lat="43.144496" lon="-0.399212"/>
      <trkpt lat="43.144374" lon="-0.399196"/>
      <trkpt lat="43.143977" lon="-0.399219"/>
      <trkpt lat="43.143543" lon="-0.399238"/>
      <trkpt lat="43.143477" lon="-0.399240"/>
      <trkpt lat="43.142264" lon="-0.399349"/>
      <trkpt lat="43.142039" lon="-0.399347"/>
      <trkpt lat="43.141825" lon="-0.399324"/>
      <trkpt lat="43.140797" lon="-0.399177"/>
      <trkpt lat="43.140335" lon="-0.399129"/>
      <trkpt lat="43.140178" lon="-0.399130"/>
      <trkpt lat="43.140028" lon="-0.399149"/>
      <trkpt lat="43.139738" lon="-0.399236"/>
      <trkpt lat="43.138478" lon="-0.399787"/>
      <trkpt lat="43.138277" lon="-0.399926"/>
      <trkpt lat="43.138063" lon="-0.400141"/>
      <trkpt lat="43.137525" lon="-0.400949"/>
      <trkpt lat="43.137345" lon="-0.401139"/>
      <trkpt lat="43.136708" lon="-0.401661"/>
      <trkpt lat="43.136335" lon="-0.401958"/>
      <trkpt lat="43.136121" lon="-0.402117"/>
      <trkpt lat="43.135742" lon="-0.402278"/>
      <trkpt lat="43.135739" lon="-0.402279"/>
      <trkpt lat="43.135455" lon="-0.402375"/>
      <trkpt lat="43.134349" lon="-0.402705"/>
      <trkpt lat="43.133787" lon="-0.402824"/>
      <trkpt lat="43.133487" lon="-0.402862"/>
      <trkpt lat="43.133233" lon="-0.402826"/>
      <trkpt lat="43.133046" lon="-0.402766"/>
      <trkpt lat="43.132522" lon="-0.402560"/>
      <trkpt lat="43.132253" lon="-0.402522"/>
      <trkpt lat="43.132034" lon="-0.402532"/>
      <trkpt lat="43.130558" lon="-0.402708"/>
      <trkpt lat="43.129651" lon="-0.402825"/>
      <trkpt lat="43.129598" lon="-0.402829"/>
      <trkpt lat="43.128471" lon="-0.402963"/>
      <trkpt lat="43.128196" lon="-0.402976"/>
      <trkpt lat="43.127916" lon="-0.402962"/>
      <trkpt lat="43.125735" lon="-0.402681"/>
      <trkpt lat="43.125524" lon="-0.402654"/>
      <trkpt lat="43.125493" lon="-0.402649"/>
      <trkpt lat="43.125407" lon="-0.402640"/>
      <trkpt lat="43.125035" lon="-0.402591"/>
      <trkpt lat="43.124636" lon="-0.402575"/>
      <trkpt lat="43.124098" lon="-0.402645"/>
      <trkpt lat="43.120871" lon="-0.403113"/>
      <trkpt lat="43.120519" lon="-0.403219"/>
      <trkpt lat="43.120245" lon="-0.403337"/>
      <trkpt lat="43.119928" lon="-0.403561"/>
      <trkpt lat="43.119544" lon="-0.403843"/>
      <trkpt lat="43.119302" lon="-0.404107"/>
      <trkpt lat="43.119102" lon="-0.404377"/>
      <trkpt lat="43.118713" lon="-0.405020"/>
      <trkpt lat="43.118560" lon="-0.405228"/>
      <trkpt lat="43.118311" lon="-0.405475"/>
      <trkpt lat="43.118150" lon="-0.405621"/>
      <trkpt lat="43.118023" lon="-0.405730"/>
      <trkpt lat="43.117912" lon="-0.405846"/>
      <trkpt lat="43.117760" lon="-0.406039"/>
      <trkpt lat="43.117609" lon="-0.406297"/>
      <trkpt lat="43.117361" lon="-0.406894"/>
      <trkpt lat="43.117224" lon="-0.407176"/>
      <trkpt lat="43.116923" lon="-0.407673"/>
      <trkpt lat="43.116646" lon="-0.408097"/>
      <trkpt lat="43.116065" lon="-0.408898"/>
      <trkpt lat="43.115428" lon="-0.409687"/>
      <trkpt lat="43.115122" lon="-0.410013"/>
      <trkpt lat="43.115068" lon="-0.410068"/>
      <trkpt lat="43.115013" lon="-0.410111"/>
      <trkpt lat="43.114873" lon="-0.410213"/>
      <trkpt lat="43.114467" lon="-0.410471"/>
      <trkpt lat="43.114391" lon="-0.410518"/>
      <trkpt lat="43.113654" lon="-0.410949"/>
      <trkpt lat="43.113483" lon="-0.411050"/>
      <trkpt lat="43.113350" lon="-0.411144"/>
      <trkpt lat="43.113250" lon="-0.411237"/>
      <trkpt lat="43.113166" lon="-0.411362"/>
      <trkpt lat="43.113132" lon="-0.411423"/>
      <trkpt lat="43.113101" lon="-0.411488"/>
      <trkpt lat="43.113075" lon="-0.411551"/>
      <trkpt lat="43.113042" lon="-0.411616"/>
      <trkpt lat="43.113015" lon="-0.411655"/>
      <trkpt lat="43.112963" lon="-0.411727"/>
      <trkpt lat="43.112906" lon="-0.411792"/>
      <trkpt lat="43.112861" lon="-0.411836"/>
      <trkpt lat="43.112818" lon="-0.411872"/>
      <trkpt lat="43.112601" lon="-0.412015"/>
      <trkpt lat="43.112530" lon="-0.412042"/>
      <trkpt lat="43.112401" lon="-0.412074"/>
      <trkpt lat="43.112291" lon="-0.412124"/>
      <trkpt lat="43.112088" lon="-0.412148"/>
      <trkpt lat="43.111883" lon="-0.412213"/>
      <trkpt lat="43.111754" lon="-0.412284"/>
      <trkpt lat="43.111622" lon="-0.412394"/>
      <trkpt lat="43.111504" lon="-0.412514"/>
      <trkpt lat="43.111407" lon="-0.412610"/>
      <trkpt lat="43.111309" lon="-0.412692"/>
      <trkpt lat="43.111204" lon="-0.412730"/>
      <trkpt lat="43.111112" lon="-0.412741"/>
      <trkpt lat="43.111016" lon="-0.412729"/>
      <trkpt lat="43.110906" lon="-0.412684"/>
      <trkpt lat="43.110800" lon="-0.412625"/>
      <trkpt lat="43.110684" lon="-0.412506"/>
      <trkpt lat="43.109332" lon="-0.411630"/>
      <trkpt lat="43.109223" lon="-0.411581"/>
      <trkpt lat="43.109111" lon="-0.411561"/>
      <trkpt lat="43.108958" lon="-0.411560"/>
      <trkpt lat="43.108786" lon="-0.411590"/>
      <trkpt lat="43.108580" lon="-0.411668"/>
      <trkpt lat="43.108368" lon="-0.411769"/>
      <trkpt lat="43.108245" lon="-0.411833"/>
      <trkpt lat="43.108151" lon="-0.411907"/>
      <trkpt lat="43.107925" lon="-0.412149"/>
      <trkpt lat="43.107758" lon="-0.412284"/>
      <trkpt lat="43.107659" lon="-0.412335"/>
      <trkpt lat="43.107268" lon="-0.412513"/>
      <trkpt lat="43.107115" lon="-0.412642"/>
      <trkpt lat="43.106955" lon="-0.412813"/>
      <trkpt lat="43.106557" lon="-0.413238"/>
      <trkpt lat="43.106437" lon="-0.413337"/>
      <trkpt lat="43.106365" lon="-0.413370"/>
      <trkpt lat="43.106234" lon="-0.413413"/>
      <trkpt lat="43.106081" lon="-0.413423"/>
      <trkpt lat="43.105913" lon="-0.413405"/>
      <trkpt lat="43.105537" lon="-0.413311"/>
      <trkpt lat="43.105370" lon="-0.413305"/>
      <trkpt lat="43.105234" lon="-0.413327"/>
      <trkpt lat="43.105087" lon="-0.413371"/>
      <trkpt lat="43.104619" lon="-0.413627"/>
      <trkpt lat="43.104472" lon="-0.413710"/>
      <trkpt lat="43.104351" lon="-0.413806"/>
      <trkpt lat="43.104216" lon="-0.413964"/>
      <trkpt lat="43.104127" lon="-0.414122"/>
      <trkpt lat="43.104061" lon="-0.414298"/>
      <trkpt lat="43.104030" lon="-0.414473"/>
      <trkpt lat="43.103996" lon="-0.414964"/>
      <trkpt lat="43.103942" lon="-0.415138"/>
      <trkpt lat="43.103882" lon="-0.415255"/>
      <trkpt lat="43.103799" lon="-0.415366"/>
      <trkpt lat="43.103689" lon="-0.415460"/>
      <trkpt lat="43.103580" lon="-0.415503"/>
      <trkpt lat="43.103421" lon="-0.415522"/>
      <trkpt lat="43.103293" lon="-0.415499"/>
      <trkpt lat="43.103193" lon="-0.415460"/>
      <trkpt lat="43.103043" lon="-0.415361"/>
      <trkpt lat="43.102784" lon="-0.415181"/>
      <trkpt lat="43.102203" lon="-0.414802"/>
      <trkpt lat="43.101813" lon="-0.414593"/>
      <trkpt lat="43.101558" lon="-0.414483"/>
      <trkpt lat="43.101279" lon="-0.414409"/>
      <trkpt lat="43.100962" lon="-0.414368"/>
      <trkpt lat="43.100694" lon="-0.414381"/>
      <trkpt lat="43.100482" lon="-0.414441"/>
      <trkpt lat="43.100265" lon="-0.414534"/>
      <trkpt lat="43.100236" lon="-0.414553"/>
      <trkpt lat="43.099872" lon="-0.414792"/>
      <trkpt lat="43.099509" lon="-0.415079"/>
      <trkpt lat="43.098794" lon="-0.415645"/>
      <trkpt lat="43.098650" lon="-0.415759"/>
      <trkpt lat="43.097083" lon="-0.417015"/>
      <trkpt lat="43.096538" lon="-0.417463"/>
      <trkpt lat="43.096136" lon="-0.417787"/>
      <trkpt lat="43.095110" lon="-0.418596"/>
      <trkpt lat="43.094833" lon="-0.418777"/>
      <trkpt lat="43.094599" lon="-0.418895"/>
      <trkpt lat="43.094313" lon="-0.419010"/>
      <trkpt lat="43.094049" lon="-0.419080"/>
      <trkpt lat="43.093718" lon="-0.419132"/>
      <trkpt lat="43.093626" lon="-0.419137"/>
      <trkpt lat="43.093290" lon="-0.419186"/>
      <trkpt lat="43.093161" lon="-0.419205"/>
      <trkpt lat="43.092716" lon="-0.419261"/>
      <trkpt lat="43.090834" lon="-0.419487"/>
      <trkpt lat="43.090444" lon="-0.419534"/>
      <trkpt lat="43.089471" lon="-0.419651"/>
      <trkpt lat="43.089411" lon="-0.419659"/>
      <trkpt lat="43.089332" lon="-0.419692"/>
      <trkpt lat="43.089182" lon="-0.419748"/>
      <trkpt lat="43.089094" lon="-0.419791"/>
      <trkpt lat="43.088863" lon="-0.419891"/>
      <trkpt lat="43.088833" lon="-0.419906"/>
      <trkpt lat="43.088097" lon="-0.420269"/>
      <trkpt lat="43.088023" lon="-0.420303"/>
      <trkpt lat="43.087988" lon="-0.420321"/>
      <trkpt lat="43.087947" lon="-0.420342"/>
      <trkpt lat="43.087018" lon="-0.420793"/>
      <trkpt lat="43.086937" lon="-0.420833"/>
      <trkpt lat="43.086642" lon="-0.420977"/>
      <trkpt lat="43.086559" lon="-0.421017"/>
      <trkpt lat="43.086480" lon="-0.421055"/>
      <trkpt lat="43.086378" lon="-0.421105"/>
      <trkpt lat="43.086330" lon="-0.421132"/>
      <trkpt lat="43.086280" lon="-0.421158"/>
      <trkpt lat="43.086223" lon="-0.421285"/>
      <trkpt lat="43.085969" lon="-0.421848"/>
      <trkpt lat="43.085893" lon="-0.422003"/>
      <trkpt lat="43.085849" lon="-0.422075"/>
      <trkpt lat="43.085823" lon="-0.422097"/>
      <trkpt lat="43.085786" lon="-0.422123"/>
      <trkpt lat="43.085742" lon="-0.422146"/>
      <trkpt lat="43.085677" lon="-0.422156"/>
      <trkpt lat="43.085619" lon="-0.422136"/>
      <trkpt lat="43.085423" lon="-0.422033"/>
      <trkpt lat="43.085347" lon="-0.422079"/>
      <trkpt lat="43.085302" lon="-0.422123"/>
      <trkpt lat="43.085282" lon="-0.422156"/>
      <trkpt lat="43.085255" lon="-0.422179"/>
      <trkpt lat="43.085224" lon="-0.422189"/>
      <trkpt lat="43.085192" lon="-0.422185"/>
      <trkpt lat="43.085114" lon="-0.422263"/>
      <trkpt lat="43.085060" lon="-0.422317"/>
      <trkpt lat="43.084906" lon="-0.422747"/>
      <trkpt lat="43.084863" lon="-0.422934"/>
      <trkpt lat="43.084875" lon="-0.423295"/>
      <trkpt lat="43.084895" lon="-0.423432"/>
      <trkpt lat="43.084940" lon="-0.423485"/>
      <trkpt lat="43.084971" lon="-0.423553"/>
      <trkpt lat="43.084988" lon="-0.423630"/>
      <trkpt lat="43.084988" lon="-0.423711"/>
      <trkpt lat="43.084974" lon="-0.423781"/>
      <trkpt lat="43.084947" lon="-0.423843"/>
      <trkpt lat="43.084905" lon="-0.423899"/>
      <trkpt lat="43.084854" lon="-0.423937"/>
      <trkpt lat="43.084796" lon="-0.423953"/>
      <trkpt lat="43.084742" lon="-0.423948"/>
      <trkpt lat="43.084691" lon="-0.423924"/>
      <trkpt lat="43.084646" lon="-0.423883"/>
      <trkpt lat="43.084607" lon="-0.423820"/>
      <trkpt lat="43.084583" lon="-0.423745"/>
      <trkpt lat="43.084576" lon="-0.423665"/>
      <trkpt lat="43.084329" lon="-0.423375"/>
      <trkpt lat="43.084035" lon="-0.423173"/>
      <trkpt lat="43.083198" lon="-0.422649"/>
      <trkpt lat="43.082054" lon="-0.421940"/>
      <trkpt lat="43.081641" lon="-0.421738"/>
      <trkpt lat="43.081235" lon="-0.421569"/>
      <trkpt lat="43.080711" lon="-0.421432"/>
      <trkpt lat="43.080142" lon="-0.421327"/>
      <trkpt lat="43.079137" lon="-0.421145"/>
      <trkpt lat="43.078781" lon="-0.421105"/>
      <trkpt lat="43.078405" lon="-0.421104"/>
      <trkpt lat="43.077834" lon="-0.421177"/>
      <trkpt lat="43.077338" lon="-0.421322"/>
      <trkpt lat="43.077121" lon="-0.421386"/>
      <trkpt lat="43.076492" lon="-0.421489"/>
      <trkpt lat="43.076137" lon="-0.421476"/>
      <trkpt lat="43.075663" lon="-0.421416"/>
      <trkpt lat="43.075066" lon="-0.421256"/>
      <trkpt lat="43.074311" lon="-0.421093"/>
      <trkpt lat="43.074262" lon="-0.421085"/>
      <trkpt lat="43.074014" lon="-0.421042"/>
      <trkpt lat="43.073942" lon="-0.421030"/>
      <trkpt lat="43.073826" lon="-0.421028"/>
      <trkpt lat="43.073747" lon="-0.421028"/>
      <trkpt lat="43.073583" lon="-0.421026"/>
      <trkpt lat="43.073423" lon="-0.421068"/>
      <trkpt lat="43.073119" lon="-0.421149"/>
      <trkpt lat="43.072792" lon="-0.421276"/>
      <trkpt lat="43.072465" lon="-0.421455"/>
      <trkpt lat="43.071498" lon="-0.422211"/>
      <trkpt lat="43.071200" lon="-0.422351"/>
      <trkpt lat="43.070983" lon="-0.422397"/>
      <trkpt lat="43.070899" lon="-0.422418"/>
      <trkpt lat="43.070672" lon="-0.422413"/>
      <trkpt lat="43.070443" lon="-0.422408"/>
      <trkpt lat="43.069658" lon="-0.422284"/>
      <trkpt lat="43.069333" lon="-0.422269"/>
      <trkpt lat="43.069275" lon="-0.422267"/>
      <trkpt lat="43.068801" lon="-0.422336"/>
      <trkpt lat="43.068668" lon="-0.422394"/>
      <trkpt lat="43.068512" lon="-0.422465"/>
      <trkpt lat="43.068205" lon="-0.422629"/>
      <trkpt lat="43.067085" lon="-0.423435"/>
      <trkpt lat="43.066789" lon="-0.423634"/>
      <trkpt lat="43.066522" lon="-0.423765"/>
      <trkpt lat="43.066299" lon="-0.423860"/>
      <trkpt lat="43.065838" lon="-0.423969"/>
      <trkpt lat="43.065382" lon="-0.424084"/>
      <trkpt lat="43.065192" lon="-0.424131"/>
      <trkpt lat="43.064877" lon="-0.424210"/>
      <trkpt lat="43.064316" lon="-0.424351"/>
      <trkpt lat="43.064035" lon="-0.424386"/>
      <trkpt lat="43.063635" lon="-0.424430"/>
      <trkpt lat="43.063362" lon="-0.424480"/>
      <trkpt lat="43.063259" lon="-0.424525"/>
      <trkpt lat="43.062960" lon="-0.424659"/>
      <trkpt lat="43.062747" lon="-0.424777"/>
      <trkpt lat="43.062513" lon="-0.424926"/>
      <trkpt lat="43.061990" lon="-0.425292"/>
      <trkpt lat="43.061701" lon="-0.425500"/>
      <trkpt lat="43.061537" lon="-0.425656"/>
      <trkpt lat="43.061468" lon="-0.425722"/>
      <trkpt lat="43.061236" lon="-0.425987"/>
      <trkpt lat="43.061060" lon="-0.426234"/>
      <trkpt lat="43.060906" lon="-0.426406"/>
      <trkpt lat="43.060756" lon="-0.426538"/>
      <trkpt lat="43.060582" lon="-0.426689"/>
      <trkpt lat="43.060353" lon="-0.426855"/>
      <trkpt lat="43.060260" lon="-0.426922"/>
      <trkpt lat="43.060201" lon="-0.426976"/>
      <trkpt lat="43.060149" lon="-0.427041"/>
      <trkpt lat="43.060104" lon="-0.427111"/>
      <trkpt lat="43.060087" lon="-0.427160"/>
      <trkpt lat="43.060064" lon="-0.427203"/>
      <trkpt lat="43.060034" lon="-0.427238"/>
      <trkpt lat="43.060008" lon="-0.427259"/>
      <trkpt lat="43.059980" lon="-0.427275"/>
      <trkpt lat="43.059927" lon="-0.427288"/>
      <trkpt lat="43.059873" lon="-0.427279"/>
      <trkpt lat="43.059823" lon="-0.427251"/>
      <trkpt lat="43.059781" lon="-0.427205"/>
      <trkpt lat="43.059759" lon="-0.427167"/>
      <trkpt lat="43.059742" lon="-0.427125"/>
      <trkpt lat="43.059732" lon="-0.427079"/>
      <trkpt lat="43.059679" lon="-0.427012"/>
      <trkpt lat="43.059583" lon="-0.426932"/>
      <trkpt lat="43.059470" lon="-0.426864"/>
      <trkpt lat="43.059145" lon="-0.426683"/>
      <trkpt lat="43.058901" lon="-0.426575"/>
      <trkpt lat="43.058692" lon="-0.426512"/>
      <trkpt lat="43.058394" lon="-0.426439"/>
      <trkpt lat="43.058337" lon="-0.426426"/>
      <trkpt lat="43.057819" lon="-0.426357"/>
      <trkpt lat="43.057289" lon="-0.426372"/>
      <trkpt lat="43.055276" lon="-0.426551"/>
      <trkpt lat="43.055188" lon="-0.426558"/>
      <trkpt lat="43.054227" lon="-0.426615"/>
      <trkpt lat="43.052174" lon="-0.426758"/>
      <trkpt lat="43.051368" lon="-0.426832"/>
      <trkpt lat="43.049361" lon="-0.427111"/>
      <trkpt lat="43.048793" lon="-0.427117"/>
      <trkpt lat="43.048413" lon="-0.427100"/>
      <trkpt lat="43.047814" lon="-0.426987"/>
      <trkpt lat="43.047124" lon="-0.426786"/>
      <trkpt lat="43.046385" lon="-0.426527"/>
      <trkpt lat="43.046247" lon="-0.426478"/>
      <trkpt lat="43.038251" lon="-0.423665"/>
      <trkpt lat="43.037850" lon="-0.423522"/>
      <trkpt lat="43.037629" lon="-0.423493"/>
      <trkpt lat="43.037473" lon="-0.423513"/>
      <trkpt lat="43.037350" lon="-0.423539"/>
      <trkpt lat="43.037304" lon="-0.423556"/>
      <trkpt lat="43.037257" lon="-0.423565"/>
      <trkpt lat="43.037218" lon="-0.423639"/>
      <trkpt lat="43.037158" lon="-0.423695"/>
      <trkpt lat="43.037074" lon="-0.423717"/>
      <trkpt lat="43.036980" lon="-0.423680"/>
      <trkpt lat="43.036910" lon="-0.423585"/>
      <trkpt lat="43.036887" lon="-0.423501"/>
      <trkpt lat="43.036886" lon="-0.423400"/>
      <trkpt lat="43.036652" lon="-0.423121"/>
      <trkpt lat="43.036291" lon="-0.422968"/>
      <trkpt lat="43.034981" lon="-0.422519"/>
      <trkpt lat="43.034296" lon="-0.422279"/>
      <trkpt lat="43.033613" lon="-0.422029"/>
      <trkpt lat="43.033143" lon="-0.421917"/>
      <trkpt lat="43.032591" lon="-0.421824"/>
      <trkpt lat="43.031385" lon="-0.421769"/>
      <trkpt lat="43.030170" lon="-0.421748"/>
      <trkpt lat="43.028867" lon="-0.421665"/>
      <trkpt lat="43.027471" lon="-0.421594"/>
      <trkpt lat="43.025763" lon="-0.421530"/>
      <trkpt lat="43.024975" lon="-0.421520"/>
      <trkpt lat="43.024896" lon="-0.421519"/>
      <trkpt lat="43.024566" lon="-0.421544"/>
      <trkpt lat="43.024213" lon="-0.421692"/>
      <trkpt lat="43.024158" lon="-0.421759"/>
      <trkpt lat="43.024135" lon="-0.421834"/>
      <trkpt lat="43.024098" lon="-0.421897"/>
      <trkpt lat="43.024045" lon="-0.421944"/>
      <trkpt lat="43.023984" lon="-0.421965"/>
      <trkpt lat="43.023922" lon="-0.421960"/>
      <trkpt lat="43.023875" lon="-0.421936"/>
      <trkpt lat="43.023834" lon="-0.421897"/>
      <trkpt lat="43.023801" lon="-0.421846"/>
      <trkpt lat="43.023495" lon="-0.421861"/>
      <trkpt lat="43.022963" lon="-0.421899"/>
      <trkpt lat="43.020444" lon="-0.422830"/>
      <trkpt lat="43.020177" lon="-0.422901"/>
      <trkpt lat="43.020121" lon="-0.422912"/>
      <trkpt lat="43.019688" lon="-0.422998"/>
      <trkpt lat="43.018721" lon="-0.423156"/>
      <trkpt lat="43.018439" lon="-0.423162"/>
      <trkpt lat="43.018355" lon="-0.423156"/>
      <trkpt lat="43.016681" lon="-0.423042"/>
      <trkpt lat="43.016469" lon="-0.423028"/>
      <trkpt lat="43.016266" lon="-0.423013"/>
      <trkpt lat="43.015450" lon="-0.422966"/>
      <trkpt lat="43.015169" lon="-0.422968"/>
      <trkpt lat="43.015139" lon="-0.422971"/>
      <trkpt lat="43.014992" lon="-0.422990"/>
      <trkpt lat="43.014211" lon="-0.423065"/>
      <trkpt lat="43.012759" lon="-0.423043"/>
      <trkpt lat="43.012419" lon="-0.423013"/>
      <trkpt lat="43.012175" lon="-0.422972"/>
      <trkpt lat="43.011901" lon="-0.422899"/>
      <trkpt lat="43.011717" lon="-0.422833"/>
      <trkpt lat="43.011517" lon="-0.422745"/>
      <trkpt lat="43.010786" lon="-0.422393"/>
      <trkpt lat="43.010744" lon="-0.422373"/>
      <trkpt lat="43.009961" lon="-0.422002"/>
      <trkpt lat="43.009591" lon="-0.421772"/>
      <trkpt lat="43.009019" lon="-0.421388"/>
      <trkpt lat="43.008719" lon="-0.421212"/>
      <trkpt lat="43.008503" lon="-0.421112"/>
      <trkpt lat="43.008301" lon="-0.421036"/>
      <trkpt lat="43.008112" lon="-0.420972"/>
      <trkpt lat="43.008011" lon="-0.420938"/>
      <trkpt lat="43.007708" lon="-0.420874"/>
      <trkpt lat="43.007496" lon="-0.420842"/>
      <trkpt lat="43.007230" lon="-0.420833"/>
      <trkpt lat="43.006766" lon="-0.420915"/>
      <trkpt lat="43.006502" lon="-0.421015"/>
      <trkpt lat="43.006288" lon="-0.421136"/>
      <trkpt lat="43.006074" lon="-0.421261"/>
      <trkpt lat="43.005781" lon="-0.421413"/>
      <trkpt lat="43.005597" lon="-0.421477"/>
      <trkpt lat="43.005574" lon="-0.421485"/>
      <trkpt lat="43.005334" lon="-0.421542"/>
      <trkpt lat="43.004970" lon="-0.421536"/>
      <trkpt lat="43.004630" lon="-0.421446"/>
      <trkpt lat="43.004270" lon="-0.421267"/>
      <trkpt lat="43.004079" lon="-0.421172"/>
      <trkpt lat="43.003875" lon="-0.421071"/>
      <trkpt lat="43.003217" lon="-0.420693"/>
      <trkpt lat="43.002887" lon="-0.420504"/>
      <trkpt lat="43.002642" lon="-0.420369"/>
      <trkpt lat="43.002217" lon="-0.420182"/>
      <trkpt lat="43.001933" lon="-0.420097"/>
      <trkpt lat="43.001742" lon="-0.420081"/>
      <trkpt lat="43.001627" lon="-0.420083"/>
      <trkpt lat="43.001577" lon="-0.420083"/>
      <trkpt lat="43.001372" lon="-0.420106"/>
      <trkpt lat="43.001324" lon="-0.420126"/>
      <trkpt lat="43.001046" lon="-0.420213"/>
      <trkpt lat="43.000670" lon="-0.420388"/>
      <trkpt lat="43.000560" lon="-0.420430"/>
      <trkpt lat="43.000148" lon="-0.420587"/>
      <trkpt lat="43.000032" lon="-0.420615"/>
      <trkpt lat="42.999445" lon="-0.420871"/>
      <trkpt lat="42.997827" lon="-0.421557"/>
      <trkpt lat="42.997326" lon="-0.421756"/>
      <trkpt lat="42.997021" lon="-0.421841"/>
      <trkpt lat="42.996531" lon="-0.421950"/>
      <trkpt lat="42.994391" lon="-0.422208"/>
      <trkpt lat="42.994134" lon="-0.422233"/>
      <trkpt lat="42.993610" lon="-0.422295"/>
      <trkpt lat="42.993239" lon="-0.422336"/>
      <trkpt lat="42.993084" lon="-0.422354"/>
      <trkpt lat="42.992864" lon="-0.422380"/>
      <trkpt lat="42.992775" lon="-0.422391"/>
      <trkpt lat="42.992372" lon="-0.422456"/>
      <trkpt lat="42.992150" lon="-0.422440"/>
      <trkpt lat="42.991662" lon="-0.422334"/>
      <trkpt lat="42.991211" lon="-0.422231"/>
      <trkpt lat="42.991092" lon="-0.422207"/>
      <trkpt lat="42.990734" lon="-0.422136"/>
      <trkpt lat="42.990616" lon="-0.422130"/>
      <trkpt lat="42.990501" lon="-0.422161"/>
      <trkpt lat="42.990386" lon="-0.422247"/>
      <trkpt lat="42.990270" lon="-0.422331"/>
      <trkpt lat="42.990020" lon="-0.422511"/>
      <trkpt lat="42.989910" lon="-0.422574"/>
      <trkpt lat="42.989810" lon="-0.422604"/>
      <trkpt lat="42.989696" lon="-0.422612"/>
      <trkpt lat="42.989420" lon="-0.422557"/>
      <trkpt lat="42.989159" lon="-0.422506"/>
      <trkpt lat="42.989065" lon="-0.422486"/>
      <trkpt lat="42.988745" lon="-0.422420"/>
      <trkpt lat="42.988609" lon="-0.422392"/>
      <trkpt lat="42.988546" lon="-0.422379"/>
      <trkpt lat="42.988386" lon="-0.422349"/>
      <trkpt lat="42.988306" lon="-0.422365"/>
      <trkpt lat="42.988230" lon="-0.422423"/>
      <trkpt lat="42.988193" lon="-0.422327"/>
      <trkpt lat="42.988150" lon="-0.422213"/>
      <trkpt lat="42.988105" lon="-0.422157"/>
      <trkpt lat="42.988023" lon="-0.422042"/>
      <trkpt lat="42.987923" lon="-0.422009"/>
      <trkpt lat="42.987804" lon="-0.421969"/>
      <trkpt lat="42.987712" lon="-0.421947"/>
      <trkpt lat="42.987502" lon="-0.421896"/>
      <trkpt lat="42.987043" lon="-0.421768"/>
      <trkpt lat="42.986772" lon="-0.421692"/>
      <trkpt lat="42.986431" lon="-0.421615"/>
      <trkpt lat="42.986386" lon="-0.421636"/>
      <trkpt lat="42.986303" lon="-0.421641"/>
      <trkpt lat="42.986200" lon="-0.421624"/>
      <trkpt lat="42.986175" lon="-0.421647"/>
      <trkpt lat="42.986083" lon="-0.421653"/>
      <trkpt lat="42.985946" lon="-0.421625"/>
      <trkpt lat="42.985861" lon="-0.421610"/>
      <trkpt lat="42.985759" lon="-0.421623"/>
      <trkpt lat="42.985630" lon="-0.421602"/>
      <trkpt lat="42.985497" lon="-0.421510"/>
      <trkpt lat="42.985308" lon="-0.421379"/>
      <trkpt lat="42.985025" lon="-0.421138"/>
      <trkpt lat="42.984849" lon="-0.420938"/>
      <trkpt lat="42.984499" lon="-0.420477"/>
      <trkpt lat="42.984372" lon="-0.420365"/>
      <trkpt lat="42.984011" lon="-0.420159"/>
      <trkpt lat="42.983676" lon="-0.419947"/>
      <trkpt lat="42.983607" lon="-0.419887"/>
      <trkpt lat="42.983484" lon="-0.419786"/>
      <trkpt lat="42.983443" lon="-0.419748"/>
      <trkpt lat="42.983398" lon="-0.419686"/>
      <trkpt lat="42.982922" lon="-0.419315"/>
      <trkpt lat="42.982811" lon="-0.419129"/>
      <trkpt lat="42.982648" lon="-0.418931"/>
      <trkpt lat="42.982527" lon="-0.418821"/>
      <trkpt lat="42.982276" lon="-0.418599"/>
      <trkpt lat="42.982013" lon="-0.418375"/>
      <trkpt lat="42.981778" lon="-0.418229"/>
      <trkpt lat="42.981635" lon="-0.418170"/>
      <trkpt lat="42.981498" lon="-0.418113"/>
      <trkpt lat="42.981291" lon="-0.418193"/>
      <trkpt lat="42.981146" lon="-0.418185"/>
      <trkpt lat="42.980959" lon="-0.418117"/>
      <trkpt lat="42.980911" lon="-0.418292"/>
      <trkpt lat="42.980851" lon="-0.418838"/>
      <trkpt lat="42.980743" lon="-0.419444"/>
      <trkpt lat="42.980512" lon="-0.420696"/>
      <trkpt lat="42.980502" lon="-0.420751"/>
      <trkpt lat="42.980371" lon="-0.420727"/>
      <trkpt lat="42.980321" lon="-0.420717"/>
      <trkpt lat="42.980205" lon="-0.420696"/>
      <trkpt lat="42.979761" lon="-0.420629"/>
      <trkpt lat="42.979705" lon="-0.420620"/>
      <trkpt lat="42.979532" lon="-0.420589"/>
      <trkpt lat="42.979457" lon="-0.420560"/>
      <trkpt lat="42.979372" lon="-0.420512"/>
      <trkpt lat="42.979306" lon="-0.420452"/>
      <trkpt lat="42.979236" lon="-0.420361"/>
      <trkpt lat="42.979169" lon="-0.420249"/>
      <trkpt lat="42.979104" lon="-0.420107"/>
      <trkpt lat="42.979047" lon="-0.419920"/>
      <trkpt lat="42.978998" lon="-0.419734"/>
      <trkpt lat="42.978970" lon="-0.419595"/>
      <trkpt lat="42.978954" lon="-0.419440"/>
      <trkpt lat="42.978928" lon="-0.419143"/>
      <trkpt lat="42.978907" lon="-0.419027"/>
      <trkpt lat="42.978888" lon="-0.418972"/>
      <trkpt lat="42.978858" lon="-0.418911"/>
      <trkpt lat="42.978830" lon="-0.418872"/>
      <trkpt lat="42.978855" lon="-0.418809"/>
      <trkpt lat="42.978879" lon="-0.418735"/>
      <trkpt lat="42.978917" lon="-0.418547"/>
      <trkpt lat="42.978974" lon="-0.418248"/>
      <trkpt lat="42.979106" lon="-0.417934"/>
      <trkpt lat="42.979365" lon="-0.417493"/>
      <trkpt lat="42.979551" lon="-0.417205"/>
      <trkpt lat="42.979660" lon="-0.417015"/>
      <trkpt lat="42.979743" lon="-0.416835"/>
      <trkpt lat="42.979773" lon="-0.416731"/>
      <trkpt lat="42.979792" lon="-0.416636"/>
      <trkpt lat="42.979844" lon="-0.416164"/>
      <trkpt lat="42.979960" lon="-0.415869"/>
      <trkpt lat="42.980124" lon="-0.415584"/>
      <trkpt lat="42.980166" lon="-0.415402"/>
      <trkpt lat="42.980218" lon="-0.414995"/>
      <trkpt lat="42.980238" lon="-0.414791"/>
      <trkpt lat="42.980274" lon="-0.414572"/>
      <trkpt lat="42.980321" lon="-0.414428"/>
      <trkpt lat="42.980341" lon="-0.414332"/>
      <trkpt lat="42.980341" lon="-0.414188"/>
      <trkpt lat="42.980315" lon="-0.414057"/>
      <trkpt lat="42.980295" lon="-0.414013"/>
      <trkpt lat="42.980225" lon="-0.413942"/>
      <trkpt lat="42.980135" lon="-0.413968"/>
      <trkpt lat="42.980071" lon="-0.414008"/>
      <trkpt lat="42.979931" lon="-0.414163"/>
      <trkpt lat="42.979878" lon="-0.414222"/>
      <trkpt lat="42.979757" lon="-0.414356"/>
      <trkpt lat="42.979723" lon="-0.414407"/>
      <trkpt lat="42.979506" lon="-0.414777"/>
      <trkpt lat="42.979496" lon="-0.414795"/>
      <trkpt lat="42.979343" lon="-0.415100"/>
      <trkpt lat="42.979288" lon="-0.415181"/>
      <trkpt lat="42.979209" lon="-0.415244"/>
      <trkpt lat="42.979144" lon="-0.415279"/>
      <trkpt lat="42.979076" lon="-0.415298"/>
      <trkpt lat="42.979021" lon="-0.415305"/>
      <trkpt lat="42.978970" lon="-0.415281"/>
      <trkpt lat="42.978924" lon="-0.415234"/>
      <trkpt lat="42.978888" lon="-0.415166"/>
      <trkpt lat="42.978852" lon="-0.415064"/>
      <trkpt lat="42.978793" lon="-0.414801"/>
      <trkpt lat="42.978705" lon="-0.414364"/>
      <trkpt lat="42.978694" lon="-0.414215"/>
      <trkpt lat="42.978692" lon="-0.414065"/>
      <trkpt lat="42.978697" lon="-0.413940"/>
      <trkpt lat="42.978946" lon="-0.412110"/>
      <trkpt lat="42.979116" lon="-0.411000"/>
      <trkpt lat="42.979130" lon="-0.410796"/>
      <trkpt lat="42.979101" lon="-0.410425"/>
      <trkpt lat="42.979081" lon="-0.410232"/>
      <trkpt lat="42.979036" lon="-0.409958"/>
      <trkpt lat="42.978986" lon="-0.409490"/>
      <trkpt lat="42.978898" lon="-0.409365"/>
      <trkpt lat="42.978848" lon="-0.409275"/>
      <trkpt lat="42.978870" lon="-0.409002"/>
      <trkpt lat="42.978870" lon="-0.408849"/>
      <trkpt lat="42.978860" lon="-0.408690"/>
      <trkpt lat="42.978821" lon="-0.408573"/>
      <trkpt lat="42.978734" lon="-0.408348"/>
      <trkpt lat="42.978571" lon="-0.407964"/>
      <trkpt lat="42.978499" lon="-0.407858"/>
      <trkpt lat="42.978420" lon="-0.407798"/>
      <trkpt lat="42.978263" lon="-0.407712"/>
      <trkpt lat="42.978148" lon="-0.407658"/>
      <trkpt lat="42.977971" lon="-0.407554"/>
      <trkpt lat="42.977794" lon="-0.407431"/>
      <trkpt lat="42.977573" lon="-0.407259"/>
      <trkpt lat="42.977334" lon="-0.407080"/>
      <trkpt lat="42.977210" lon="-0.406961"/>
      <trkpt lat="42.977159" lon="-0.406897"/>
      <trkpt lat="42.977124" lon="-0.406796"/>
      <trkpt lat="42.977031" lon="-0.406319"/>
      <trkpt lat="42.977014" lon="-0.406163"/>
      <trkpt lat="42.977049" lon="-0.405855"/>
      <trkpt lat="42.977038" lon="-0.405741"/>
      <trkpt lat="42.976997" lon="-0.405647"/>
      <trkpt lat="42.976883" lon="-0.405409"/>
      <trkpt lat="42.976813" lon="-0.405228"/>
      <trkpt lat="42.976766" lon="-0.404996"/>
      <trkpt lat="42.976680" lon="-0.404896"/>
      <trkpt lat="42.976568" lon="-0.404820"/>
      <trkpt lat="42.976464" lon="-0.404826"/>
      <trkpt lat="42.976185" lon="-0.404856"/>
      <trkpt lat="42.976109" lon="-0.404778"/>
      <trkpt lat="42.976028" lon="-0.404583"/>
      <trkpt lat="42.975979" lon="-0.404404"/>
      <trkpt lat="42.975971" lon="-0.404230"/>
      <trkpt lat="42.975944" lon="-0.404115"/>
      <trkpt lat="42.975890" lon="-0.404012"/>
      <trkpt lat="42.975781" lon="-0.403927"/>
      <trkpt lat="42.975661" lon="-0.403876"/>
      <trkpt lat="42.975534" lon="-0.403852"/>
      <trkpt lat="42.975441" lon="-0.403825"/>
      <trkpt lat="42.975401" lon="-0.403801"/>
      <trkpt lat="42.975353" lon="-0.403772"/>
      <trkpt lat="42.975273" lon="-0.403686"/>
      <trkpt lat="42.975212" lon="-0.403573"/>
      <trkpt lat="42.975169" lon="-0.403418"/>
      <trkpt lat="42.975158" lon="-0.403304"/>
      <trkpt lat="42.975176" lon="-0.403192"/>
      <trkpt lat="42.975253" lon="-0.402943"/>
      <trkpt lat="42.975258" lon="-0.402852"/>
      <trkpt lat="42.975266" lon="-0.402761"/>
      <trkpt lat="42.975217" lon="-0.402736"/>
      <trkpt lat="42.975162" lon="-0.402731"/>
      <trkpt lat="42.975045" lon="-0.402758"/>
      <trkpt lat="42.974984" lon="-0.402747"/>
      <trkpt lat="42.974931" lon="-0.402712"/>
      <trkpt lat="42.974894" lon="-0.402651"/>
      <trkpt lat="42.974874" lon="-0.402587"/>
      <trkpt lat="42.974859" lon="-0.402498"/>
      <trkpt lat="42.974855" lon="-0.402380"/>
      <trkpt lat="42.974850" lon="-0.402099"/>
      <trkpt lat="42.974854" lon="-0.401749"/>
      <trkpt lat="42.974838" lon="-0.401514"/>
      <trkpt lat="42.974761" lon="-0.401179"/>
      <trkpt lat="42.974751" lon="-0.401051"/>
      <trkpt lat="42.974751" lon="-0.400795"/>
      <trkpt lat="42.974685" lon="-0.400273"/>
      <trkpt lat="42.974654" lon="-0.399390"/>
      <trkpt lat="42.974644" lon="-0.399255"/>
      <trkpt lat="42.974626" lon="-0.399130"/>
      <trkpt lat="42.974590" lon="-0.398965"/>
      <trkpt lat="42.974523" lon="-0.398755"/>
      <trkpt lat="42.974501" lon="-0.398617"/>
      <trkpt lat="42.974491" lon="-0.398347"/>
      <trkpt lat="42.974471" lon="-0.398183"/>
      <trkpt lat="42.974436" lon="-0.398041"/>
      <trkpt lat="42.974367" lon="-0.397857"/>
      <trkpt lat="42.974272" lon="-0.397700"/>
      <trkpt lat="42.974133" lon="-0.397557"/>
      <trkpt lat="42.974058" lon="-0.397456"/>
      <trkpt lat="42.974011" lon="-0.397346"/>
      <trkpt lat="42.973998" lon="-0.397243"/>
      <trkpt lat="42.974002" lon="-0.397147"/>
      <trkpt lat="42.974042" lon="-0.397005"/>
      <trkpt lat="42.974116" lon="-0.396845"/>
      <trkpt lat="42.974151" lon="-0.396720"/>
      <trkpt lat="42.974159" lon="-0.396601"/>
      <trkpt lat="42.974153" lon="-0.396282"/>
      <trkpt lat="42.974165" lon="-0.396130"/>
      <trkpt lat="42.974257" lon="-0.395812"/>
      <trkpt lat="42.974277" lon="-0.395699"/>
      <trkpt lat="42.974285" lon="-0.395561"/>
      <trkpt lat="42.974268" lon="-0.395419"/>
      <trkpt lat="42.974228" lon="-0.395232"/>
      <trkpt lat="42.974180" lon="-0.395100"/>
      <trkpt lat="42.974157" lon="-0.395060"/>
      <trkpt lat="42.974132" lon="-0.395042"/>
      <trkpt lat="42.974105" lon="-0.395039"/>
      <trkpt lat="42.974078" lon="-0.395049"/>
      <trkpt lat="42.974041" lon="-0.394877"/>
      <trkpt lat="42.974025" lon="-0.394737"/>
      <trkpt lat="42.974007" lon="-0.394455"/>
      <trkpt lat="42.973996" lon="-0.394286"/>
      <trkpt lat="42.973955" lon="-0.394148"/>
      <trkpt lat="42.973923" lon="-0.394045"/>
      <trkpt lat="42.973873" lon="-0.393938"/>
      <trkpt lat="42.973804" lon="-0.393848"/>
      <trkpt lat="42.973719" lon="-0.393772"/>
      <trkpt lat="42.973586" lon="-0.393687"/>
      <trkpt lat="42.973541" lon="-0.393664"/>
      <trkpt lat="42.973392" lon="-0.393569"/>
      <trkpt lat="42.973245" lon="-0.393479"/>
      <trkpt lat="42.973077" lon="-0.393374"/>
      <trkpt lat="42.972902" lon="-0.393206"/>
      <trkpt lat="42.972664" lon="-0.392954"/>
      <trkpt lat="42.972617" lon="-0.392899"/>
      <trkpt lat="42.972524" lon="-0.392785"/>
      <trkpt lat="42.972452" lon="-0.392695"/>
      <trkpt lat="42.972337" lon="-0.392545"/>
      <trkpt lat="42.972284" lon="-0.392464"/>
      <trkpt lat="42.971960" lon="-0.391949"/>
      <trkpt lat="42.971934" lon="-0.391908"/>
      <trkpt lat="42.971920" lon="-0.391855"/>
      <trkpt lat="42.971916" lon="-0.391809"/>
      <trkpt lat="42.971918" lon="-0.391774"/>
      <trkpt lat="42.971987" lon="-0.391524"/>
      <trkpt lat="42.972004" lon="-0.391464"/>
      <trkpt lat="42.972099" lon="-0.391336"/>
      <trkpt lat="42.972178" lon="-0.391274"/>
      <trkpt lat="42.972230" lon="-0.391325"/>
      <trkpt lat="42.972369" lon="-0.391543"/>
      <trkpt lat="42.972447" lon="-0.391665"/>
      <trkpt lat="42.972467" lon="-0.391697"/>
      <trkpt lat="42.972651" lon="-0.391996"/>
      <trkpt lat="42.972687" lon="-0.392042"/>
      <trkpt lat="42.972719" lon="-0.392078"/>
      <trkpt lat="42.972747" lon="-0.392031"/>
      <trkpt lat="42.972767" lon="-0.391993"/>
      <trkpt lat="42.972813" lon="-0.391920"/>
      <trkpt lat="42.973110" lon="-0.391610"/>
      <trkpt lat="42.973157" lon="-0.391541"/>
      <trkpt lat="42.973181" lon="-0.391497"/>
      <trkpt lat="42.973203" lon="-0.391457"/>
      <trkpt lat="42.973220" lon="-0.391393"/>
      <trkpt lat="42.973228" lon="-0.391340"/>
      <trkpt lat="42.973221" lon="-0.391252"/>
      <trkpt lat="42.973202" lon="-0.391158"/>
      <trkpt lat="42.973146" lon="-0.391033"/>
      <trkpt lat="42.972923" lon="-0.390520"/>
      <trkpt lat="42.972862" lon="-0.390338"/>
      <trkpt lat="42.972593" lon="-0.389329"/>
      <trkpt lat="42.972545" lon="-0.389189"/>
      <trkpt lat="42.972457" lon="-0.388973"/>
      <trkpt lat="42.972363" lon="-0.388769"/>
      <trkpt lat="42.972271" lon="-0.388550"/>
      <trkpt lat="42.972217" lon="-0.388369"/>
      <trkpt lat="42.972181" lon="-0.388169"/>
      <trkpt lat="42.972109" lon="-0.387838"/>
      <trkpt lat="42.971901" lon="-0.387083"/>
      <trkpt lat="42.971757" lon="-0.386608"/>
      <trkpt lat="42.971721" lon="-0.386419"/>
      <trkpt lat="42.971714" lon="-0.386287"/>
      <trkpt lat="42.971728" lon="-0.386150"/>
      <trkpt lat="42.971836" lon="-0.385671"/>
      <trkpt lat="42.971880" lon="-0.385443"/>
      <trkpt lat="42.971895" lon="-0.385274"/>
      <trkpt lat="42.971894" lon="-0.385118"/>
      <trkpt lat="42.971868" lon="-0.384933"/>
      <trkpt lat="42.971809" lon="-0.384705"/>
      <trkpt lat="42.971747" lon="-0.384520"/>
      <trkpt lat="42.971697" lon="-0.384420"/>
      <trkpt lat="42.971635" lon="-0.384327"/>
      <trkpt lat="42.971546" lon="-0.384120"/>
      <trkpt lat="42.971106" lon="-0.382880"/>
      <trkpt lat="42.971039" lon="-0.382773"/>
      <trkpt lat="42.970963" lon="-0.382698"/>
      <trkpt lat="42.970859" lon="-0.382619"/>
      <trkpt lat="42.970535" lon="-0.382420"/>
      <trkpt lat="42.970454" lon="-0.382358"/>
      <trkpt lat="42.970387" lon="-0.382279"/>
      <trkpt lat="42.970335" lon="-0.382193"/>
      <trkpt lat="42.970290" lon="-0.382071"/>
      <trkpt lat="42.970206" lon="-0.381647"/>
      <trkpt lat="42.970124" lon="-0.381354"/>
      <trkpt lat="42.970071" lon="-0.381074"/>
      <trkpt lat="42.970036" lon="-0.380980"/>
      <trkpt lat="42.969968" lon="-0.380869"/>
      <trkpt lat="42.969831" lon="-0.380653"/>
      <trkpt lat="42.969793" lon="-0.380610"/>
      <trkpt lat="42.969767" lon="-0.380596"/>
      <trkpt lat="42.969742" lon="-0.380593"/>
      <trkpt lat="42.969703" lon="-0.380612"/>
      <trkpt lat="42.969682" lon="-0.380640"/>
      <trkpt lat="42.969672" lon="-0.380689"/>
      <trkpt lat="42.969670" lon="-0.380752"/>
      <trkpt lat="42.969676" lon="-0.380829"/>
      <trkpt lat="42.969708" lon="-0.380988"/>
      <trkpt lat="42.969745" lon="-0.381112"/>
      <trkpt lat="42.969790" lon="-0.381214"/>
      <trkpt lat="42.969887" lon="-0.381367"/>
      <trkpt lat="42.969930" lon="-0.381451"/>
      <trkpt lat="42.969966" lon="-0.381567"/>
      <trkpt lat="42.969975" lon="-0.381665"/>
      <trkpt lat="42.969956" lon="-0.381943"/>
      <trkpt lat="42.969955" lon="-0.382034"/>
      <trkpt lat="42.969963" lon="-0.382150"/>
      <trkpt lat="42.970010" lon="-0.382397"/>
      <trkpt lat="42.970012" lon="-0.382458"/>
      <trkpt lat="42.969999" lon="-0.382505"/>
      <trkpt lat="42.969985" lon="-0.382529"/>
      <trkpt lat="42.969961" lon="-0.382545"/>
      <trkpt lat="42.969927" lon="-0.382550"/>
      <trkpt lat="42.969893" lon="-0.382529"/>
      <trkpt lat="42.969863" lon="-0.382483"/>
      <trkpt lat="42.969846" lon="-0.382415"/>
      <trkpt lat="42.969831" lon="-0.382315"/>
      <trkpt lat="42.969819" lon="-0.381896"/>
      <trkpt lat="42.969805" lon="-0.381709"/>
      <trkpt lat="42.969788" lon="-0.381620"/>
      <trkpt lat="42.969761" lon="-0.381557"/>
      <trkpt lat="42.969715" lon="-0.381495"/>
      <trkpt lat="42.969547" lon="-0.381381"/>
      <trkpt lat="42.969502" lon="-0.381332"/>
      <trkpt lat="42.969470" lon="-0.381279"/>
      <trkpt lat="42.969438" lon="-0.381197"/>
      <trkpt lat="42.969396" lon="-0.381052"/>
      <trkpt lat="42.969364" lon="-0.380992"/>
      <trkpt lat="42.969313" lon="-0.380941"/>
      <trkpt lat="42.969254" lon="-0.380913"/>
      <trkpt lat="42.969187" lon="-0.380902"/>
      <trkpt lat="42.969133" lon="-0.380911"/>
      <trkpt lat="42.968954" lon="-0.380962"/>
      <trkpt lat="42.968907" lon="-0.380956"/>
      <trkpt lat="42.968851" lon="-0.380923"/>
      <trkpt lat="42.968665" lon="-0.380709"/>
      <trkpt lat="42.968632" lon="-0.380648"/>
      <trkpt lat="42.968611" lon="-0.380575"/>
      <trkpt lat="42.968611" lon="-0.380486"/>
      <trkpt lat="42.968627" lon="-0.380394"/>
      <trkpt lat="42.968654" lon="-0.380333"/>
      <trkpt lat="42.968775" lon="-0.380175"/>
      <trkpt lat="42.968836" lon="-0.380048"/>
      <trkpt lat="42.968848" lon="-0.379962"/>
      <trkpt lat="42.968840" lon="-0.379852"/>
      <trkpt lat="42.968826" lon="-0.379743"/>
      <trkpt lat="42.968786" lon="-0.379641"/>
      <trkpt lat="42.968741" lon="-0.379559"/>
      <trkpt lat="42.968688" lon="-0.379502"/>
      <trkpt lat="42.968624" lon="-0.379472"/>
      <trkpt lat="42.968536" lon="-0.379444"/>
      <trkpt lat="42.968370" lon="-0.379433"/>
      <trkpt lat="42.968302" lon="-0.379409"/>
      <trkpt lat="42.968246" lon="-0.379374"/>
      <trkpt lat="42.968195" lon="-0.379318"/>
      <trkpt lat="42.968164" lon="-0.379244"/>
      <trkpt lat="42.968154" lon="-0.379161"/>
      <trkpt lat="42.968180" lon="-0.378732"/>
      <trkpt lat="42.968165" lon="-0.378592"/>
      <trkpt lat="42.968128" lon="-0.378488"/>
      <trkpt lat="42.967991" lon="-0.378194"/>
      <trkpt lat="42.967963" lon="-0.378098"/>
      <trkpt lat="42.967951" lon="-0.378012"/>
      <trkpt lat="42.967940" lon="-0.377597"/>
      <trkpt lat="42.967926" lon="-0.377494"/>
      <trkpt lat="42.967892" lon="-0.377398"/>
      <trkpt lat="42.967833" lon="-0.377306"/>
      <trkpt lat="42.967602" lon="-0.377042"/>
      <trkpt lat="42.967559" lon="-0.376960"/>
      <trkpt lat="42.967527" lon="-0.376881"/>
      <trkpt lat="42.967507" lon="-0.376797"/>
      <trkpt lat="42.967493" lon="-0.376667"/>
      <trkpt lat="42.967494" lon="-0.376569"/>
      <trkpt lat="42.967501" lon="-0.376496"/>
      <trkpt lat="42.967524" lon="-0.376447"/>
      <trkpt lat="42.967561" lon="-0.376381"/>
      <trkpt lat="42.967803" lon="-0.376169"/>
      <trkpt lat="42.967910" lon="-0.376056"/>
      <trkpt lat="42.967971" lon="-0.375936"/>
      <trkpt lat="42.967977" lon="-0.375860"/>
      <trkpt lat="42.967968" lon="-0.375788"/>
      <trkpt lat="42.967936" lon="-0.375719"/>
      <trkpt lat="42.967877" lon="-0.375645"/>
      <trkpt lat="42.967759" lon="-0.375532"/>
      <trkpt lat="42.967692" lon="-0.375446"/>
      <trkpt lat="42.967650" lon="-0.375353"/>
      <trkpt lat="42.967621" lon="-0.375235"/>
      <trkpt lat="42.967592" lon="-0.374852"/>
      <trkpt lat="42.967568" lon="-0.374678"/>
      <trkpt lat="42.967515" lon="-0.374392"/>
      <trkpt lat="42.967506" lon="-0.374282"/>
      <trkpt lat="42.967505" lon="-0.374149"/>
      <trkpt lat="42.967510" lon="-0.374049"/>
      <trkpt lat="42.967535" lon="-0.373718"/>
      <trkpt lat="42.967535" lon="-0.373601"/>
      <trkpt lat="42.967527" lon="-0.373476"/>
      <trkpt lat="42.967417" lon="-0.372546"/>
      <trkpt lat="42.967386" lon="-0.372244"/>
      <trkpt lat="42.967381" lon="-0.372094"/>
      <trkpt lat="42.967388" lon="-0.371970"/>
      <trkpt lat="42.967417" lon="-0.371870"/>
      <trkpt lat="42.967459" lon="-0.371783"/>
      <trkpt lat="42.967514" lon="-0.371709"/>
      <trkpt lat="42.967560" lon="-0.371672"/>
      <trkpt lat="42.967615" lon="-0.371656"/>
      <trkpt lat="42.967677" lon="-0.371650"/>
      <trkpt lat="42.967734" lon="-0.371662"/>
      <trkpt lat="42.967784" lon="-0.371685"/>
      <trkpt lat="42.967837" lon="-0.371730"/>
      <trkpt lat="42.967878" lon="-0.371784"/>
      <trkpt lat="42.967927" lon="-0.371872"/>
      <trkpt lat="42.968000" lon="-0.372045"/>
      <trkpt lat="42.968110" lon="-0.372259"/>
      <trkpt lat="42.968179" lon="-0.372371"/>
      <trkpt lat="42.968257" lon="-0.372469"/>
      <trkpt lat="42.968322" lon="-0.372527"/>
      <trkpt lat="42.968405" lon="-0.372583"/>
      <trkpt lat="42.968495" lon="-0.372621"/>
      <trkpt lat="42.968558" lon="-0.372639"/>
      <trkpt lat="42.968624" lon="-0.372637"/>
      <trkpt lat="42.968710" lon="-0.372623"/>
      <trkpt lat="42.968779" lon="-0.372602"/>
      <trkpt lat="42.968865" lon="-0.372566"/>
      <trkpt lat="42.968939" lon="-0.372512"/>
      <trkpt lat="42.968982" lon="-0.372462"/>
      <trkpt lat="42.969022" lon="-0.372403"/>
      <trkpt lat="42.969053" lon="-0.372326"/>
      <trkpt lat="42.969068" lon="-0.372261"/>
      <trkpt lat="42.969071" lon="-0.372138"/>
      <trkpt lat="42.969066" lon="-0.372034"/>
      <trkpt lat="42.969044" lon="-0.371938"/>
      <trkpt lat="42.969006" lon="-0.371839"/>
      <trkpt lat="42.968872" lon="-0.371543"/>
      <trkpt lat="42.968851" lon="-0.371471"/>
      <trkpt lat="42.968844" lon="-0.371397"/>
      <trkpt lat="42.968848" lon="-0.371311"/>
      <trkpt lat="42.968860" lon="-0.371224"/>
      <trkpt lat="42.968906" lon="-0.371027"/>
      <trkpt lat="42.968919" lon="-0.370939"/>
      <trkpt lat="42.968917" lon="-0.370834"/>
      <trkpt lat="42.968899" lon="-0.370724"/>
      <trkpt lat="42.968872" lon="-0.370627"/>
      <trkpt lat="42.968794" lon="-0.370445"/>
      <trkpt lat="42.968618" lon="-0.370086"/>
      <trkpt lat="42.968510" lon="-0.369898"/>
      <trkpt lat="42.968348" lon="-0.369648"/>
      <trkpt lat="42.968306" lon="-0.369560"/>
      <trkpt lat="42.968169" lon="-0.369061"/>
      <trkpt lat="42.968117" lon="-0.368910"/>
      <trkpt lat="42.967914" lon="-0.368415"/>
      <trkpt lat="42.967855" lon="-0.368255"/>
      <trkpt lat="42.967789" lon="-0.368026"/>
      <trkpt lat="42.967744" lon="-0.367824"/>
      <trkpt lat="42.967713" lon="-0.367621"/>
      <trkpt lat="42.967684" lon="-0.367163"/>
      <trkpt lat="42.967670" lon="-0.367043"/>
      <trkpt lat="42.967644" lon="-0.366859"/>
      <trkpt lat="42.967593" lon="-0.366610"/>
      <trkpt lat="42.967534" lon="-0.366350"/>
      <trkpt lat="42.967484" lon="-0.366178"/>
      <trkpt lat="42.967391" lon="-0.365926"/>
      <trkpt lat="42.967314" lon="-0.365757"/>
      <trkpt lat="42.967261" lon="-0.365598"/>
      <trkpt lat="42.967228" lon="-0.365446"/>
      <trkpt lat="42.967208" lon="-0.365238"/>
      <trkpt lat="42.967200" lon="-0.364978"/>
      <trkpt lat="42.967188" lon="-0.364820"/>
      <trkpt lat="42.967167" lon="-0.364683"/>
      <trkpt lat="42.967107" lon="-0.364458"/>
      <trkpt lat="42.967033" lon="-0.364264"/>
      <trkpt lat="42.966992" lon="-0.364129"/>
      <trkpt lat="42.966980" lon="-0.364047"/>
      <trkpt lat="42.966974" lon="-0.363897"/>
      <trkpt lat="42.966941" lon="-0.363500"/>
      <trkpt lat="42.966914" lon="-0.363298"/>
      <trkpt lat="42.966871" lon="-0.363039"/>
      <trkpt lat="42.966825" lon="-0.362841"/>
      <trkpt lat="42.966740" lon="-0.362537"/>
      <trkpt lat="42.966484" lon="-0.361414"/>
      <trkpt lat="42.966461" lon="-0.361275"/>
      <trkpt lat="42.966445" lon="-0.361084"/>
      <trkpt lat="42.966441" lon="-0.360848"/>
      <trkpt lat="42.966433" lon="-0.360696"/>
      <trkpt lat="42.966421" lon="-0.360594"/>
      <trkpt lat="42.966396" lon="-0.360468"/>
      <trkpt lat="42.966336" lon="-0.360269"/>
      <trkpt lat="42.966305" lon="-0.360121"/>
      <trkpt lat="42.966274" lon="-0.359877"/>
      <trkpt lat="42.966265" lon="-0.359726"/>
      <trkpt lat="42.966270" lon="-0.359267"/>
      <trkpt lat="42.966257" lon="-0.359024"/>
      <trkpt lat="42.966233" lon="-0.358723"/>
      <trkpt lat="42.966206" lon="-0.358409"/>
      <trkpt lat="42.966173" lon="-0.358197"/>
      <trkpt lat="42.966065" lon="-0.357707"/>
      <trkpt lat="42.965945" lon="-0.357224"/>
      <trkpt lat="42.965793" lon="-0.356633"/>
      <trkpt lat="42.965742" lon="-0.356437"/>
      <trkpt lat="42.965651" lon="-0.356189"/>
      <trkpt lat="42.965599" lon="-0.356097"/>
      <trkpt lat="42.965509" lon="-0.355981"/>
      <trkpt lat="42.965413" lon="-0.355888"/>
      <trkpt lat="42.965266" lon="-0.355770"/>
      <trkpt lat="42.965194" lon="-0.355697"/>
      <trkpt lat="42.965123" lon="-0.355598"/>
      <trkpt lat="42.965032" lon="-0.355452"/>
      <trkpt lat="42.964928" lon="-0.355321"/>
      <trkpt lat="42.964734" lon="-0.355146"/>
      <trkpt lat="42.964620" lon="-0.355015"/>
      <trkpt lat="42.964532" lon="-0.354883"/>
      <trkpt lat="42.964184" lon="-0.354306"/>
      <trkpt lat="42.964121" lon="-0.354170"/>
      <trkpt lat="42.964088" lon="-0.354060"/>
      <trkpt lat="42.964002" lon="-0.353696"/>
      <trkpt lat="42.963941" lon="-0.353561"/>
      <trkpt lat="42.963879" lon="-0.353454"/>
      <trkpt lat="42.963676" lon="-0.353203"/>
      <trkpt lat="42.963605" lon="-0.353077"/>
      <trkpt lat="42.963551" lon="-0.352947"/>
      <trkpt lat="42.963493" lon="-0.352776"/>
      <trkpt lat="42.963468" lon="-0.352647"/>
      <trkpt lat="42.963449" lon="-0.352501"/>
      <trkpt lat="42.963408" lon="-0.351791"/>
      <trkpt lat="42.963401" lon="-0.351559"/>
      <trkpt lat="42.963407" lon="-0.351422"/>
      <trkpt lat="42.963419" lon="-0.351310"/>
      <trkpt lat="42.963443" lon="-0.351207"/>
      <trkpt lat="42.963488" lon="-0.351110"/>
      <trkpt lat="42.963547" lon="-0.351008"/>
      <trkpt lat="42.963743" lon="-0.350730"/>
      <trkpt lat="42.963774" lon="-0.350672"/>
      <trkpt lat="42.963789" lon="-0.350629"/>
      <trkpt lat="42.963794" lon="-0.350569"/>
      <trkpt lat="42.963793" lon="-0.350464"/>
      <trkpt lat="42.963788" lon="-0.350328"/>
      <trkpt lat="42.963796" lon="-0.350229"/>
      <trkpt lat="42.963825" lon="-0.350045"/>
      <trkpt lat="42.963844" lon="-0.349924"/>
      <trkpt lat="42.963858" lon="-0.349772"/>
      <trkpt lat="42.963873" lon="-0.349570"/>
      <trkpt lat="42.963895" lon="-0.349395"/>
      <trkpt lat="42.963924" lon="-0.349277"/>
      <trkpt lat="42.963949" lon="-0.349196"/>
      <trkpt lat="42.963984" lon="-0.349134"/>
      <trkpt lat="42.964264" lon="-0.348767"/>
      <trkpt lat="42.964292" lon="-0.348702"/>
      <trkpt lat="42.964309" lon="-0.348636"/>
      <trkpt lat="42.964310" lon="-0.348554"/>
      <trkpt lat="42.964299" lon="-0.348387"/>
      <trkpt lat="42.964295" lon="-0.348250"/>
      <trkpt lat="42.964287" lon="-0.348175"/>
      <trkpt lat="42.964262" lon="-0.348066"/>
      <trkpt lat="42.964218" lon="-0.347911"/>
      <trkpt lat="42.964151" lon="-0.347773"/>
      <trkpt lat="42.964074" lon="-0.347637"/>
      <trkpt lat="42.964048" lon="-0.347568"/>
      <trkpt lat="42.964032" lon="-0.347492"/>
      <trkpt lat="42.964031" lon="-0.347413"/>
      <trkpt lat="42.964042" lon="-0.347254"/>
      <trkpt lat="42.964052" lon="-0.347135"/>
      <trkpt lat="42.964054" lon="-0.346999"/>
      <trkpt lat="42.964052" lon="-0.346767"/>
      <trkpt lat="42.964064" lon="-0.346556"/>
      <trkpt lat="42.964074" lon="-0.346411"/>
      <trkpt lat="42.964074" lon="-0.346339"/>
      <trkpt lat="42.964050" lon="-0.346256"/>
      <trkpt lat="42.964019" lon="-0.346188"/>
      <trkpt lat="42.963984" lon="-0.346149"/>
      <trkpt lat="42.963948" lon="-0.346132"/>
      <trkpt lat="42.963913" lon="-0.346130"/>
      <trkpt lat="42.963847" lon="-0.346134"/>
      <trkpt lat="42.963807" lon="-0.346150"/>
      <trkpt lat="42.963774" lon="-0.346181"/>
      <trkpt lat="42.963750" lon="-0.346226"/>
      <trkpt lat="42.963682" lon="-0.346466"/>
      <trkpt lat="42.963615" lon="-0.346801"/>
      <trkpt lat="42.963585" lon="-0.346921"/>
      <trkpt lat="42.963526" lon="-0.347043"/>
      <trkpt lat="42.963228" lon="-0.347329"/>
      <trkpt lat="42.963147" lon="-0.347470"/>
      <trkpt lat="42.963091" lon="-0.347562"/>
      <trkpt lat="42.963042" lon="-0.347631"/>
      <trkpt lat="42.962985" lon="-0.347664"/>
      <trkpt lat="42.962924" lon="-0.347676"/>
      <trkpt lat="42.962861" lon="-0.347698"/>
      <trkpt lat="42.962812" lon="-0.347738"/>
      <trkpt lat="42.962774" lon="-0.347790"/>
      <trkpt lat="42.962731" lon="-0.347874"/>
      <trkpt lat="42.962592" lon="-0.348171"/>
      <trkpt lat="42.962491" lon="-0.348474"/>
      <trkpt lat="42.962435" lon="-0.348655"/>
      <trkpt lat="42.962407" lon="-0.348796"/>
      <trkpt lat="42.962360" lon="-0.349177"/>
      <trkpt lat="42.962353" lon="-0.349446"/>
      <trkpt lat="42.962347" lon="-0.349515"/>
      <trkpt lat="42.962326" lon="-0.349563"/>
      <trkpt lat="42.962304" lon="-0.349582"/>
      <trkpt lat="42.962270" lon="-0.349588"/>
      <trkpt lat="42.962243" lon="-0.349584"/>
      <trkpt lat="42.962215" lon="-0.349556"/>
      <trkpt lat="42.962203" lon="-0.349505"/>
      <trkpt lat="42.962236" lon="-0.349355"/>
      <trkpt lat="42.962291" lon="-0.348585"/>
      <trkpt lat="42.962324" lon="-0.348247"/>
      <trkpt lat="42.962357" lon="-0.348040"/>
      <trkpt lat="42.962521" lon="-0.347343"/>
      <trkpt lat="42.962566" lon="-0.347008"/>
      <trkpt lat="42.962568" lon="-0.346843"/>
      <trkpt lat="42.962517" lon="-0.346183"/>
      <trkpt lat="42.962530" lon="-0.345998"/>
      <trkpt lat="42.962556" lon="-0.345884"/>
      <trkpt lat="42.962601" lon="-0.345757"/>
      <trkpt lat="42.962650" lon="-0.345683"/>
      <trkpt lat="42.962757" lon="-0.345606"/>
      <trkpt lat="42.962958" lon="-0.345567"/>
      <trkpt lat="42.963027" lon="-0.345507"/>
      <trkpt lat="42.963061" lon="-0.345401"/>
      <trkpt lat="42.963090" lon="-0.345165"/>
      <trkpt lat="42.963112" lon="-0.344931"/>
      <trkpt lat="42.963114" lon="-0.344652"/>
      <trkpt lat="42.963092" lon="-0.344504"/>
      <trkpt lat="42.963083" lon="-0.344405"/>
      <trkpt lat="42.963084" lon="-0.344314"/>
      <trkpt lat="42.963104" lon="-0.344208"/>
      <trkpt lat="42.963195" lon="-0.343913"/>
      <trkpt lat="42.963218" lon="-0.343805"/>
      <trkpt lat="42.963228" lon="-0.343698"/>
      <trkpt lat="42.963228" lon="-0.343401"/>
      <trkpt lat="42.963239" lon="-0.343219"/>
      <trkpt lat="42.963263" lon="-0.343056"/>
      <trkpt lat="42.963371" lon="-0.342544"/>
      <trkpt lat="42.963390" lon="-0.342282"/>
      <trkpt lat="42.963404" lon="-0.342209"/>
      <trkpt lat="42.963471" lon="-0.341971"/>
      <trkpt lat="42.963476" lon="-0.341915"/>
      <trkpt lat="42.963478" lon="-0.341699"/>
      <trkpt lat="42.963484" lon="-0.341514"/>
      <trkpt lat="42.963488" lon="-0.341313"/>
      <trkpt lat="42.963483" lon="-0.341210"/>
      <trkpt lat="42.963459" lon="-0.341097"/>
      <trkpt lat="42.963400" lon="-0.340909"/>
      <trkpt lat="42.963300" lon="-0.340692"/>
      <trkpt lat="42.963039" lon="-0.340043"/>
      <trkpt lat="42.962987" lon="-0.339889"/>
      <trkpt lat="42.962969" lon="-0.339808"/>
      <trkpt lat="42.962963" lon="-0.339705"/>
      <trkpt lat="42.962973" lon="-0.339620"/>
      <trkpt lat="42.962997" lon="-0.339547"/>
      <trkpt lat="42.963030" lon="-0.339478"/>
      <trkpt lat="42.963072" lon="-0.339419"/>
      <trkpt lat="42.963113" lon="-0.339383"/>
      <trkpt lat="42.963152" lon="-0.339360"/>
      <trkpt lat="42.963226" lon="-0.339338"/>
      <trkpt lat="42.963351" lon="-0.339335"/>
      <trkpt lat="42.963446" lon="-0.339318"/>
      <trkpt lat="42.963547" lon="-0.339313"/>
      <trkpt lat="42.963662" lon="-0.339310"/>
      <trkpt lat="42.963758" lon="-0.339326"/>
      <trkpt lat="42.963828" lon="-0.339368"/>
      <trkpt lat="42.963883" lon="-0.339423"/>
      <trkpt lat="42.963997" lon="-0.339580"/>
      <trkpt lat="42.964036" lon="-0.339681"/>
      <trkpt lat="42.964061" lon="-0.339832"/>
      <trkpt lat="42.964070" lon="-0.340052"/>
      <trkpt lat="42.964121" lon="-0.340789"/>
      <trkpt lat="42.964156" lon="-0.341259"/>
      <trkpt lat="42.964174" lon="-0.341390"/>
      <trkpt lat="42.964208" lon="-0.341537"/>
      <trkpt lat="42.964306" lon="-0.341903"/>
      <trkpt lat="42.964644" lon="-0.343126"/>
      <trkpt lat="42.964693" lon="-0.343274"/>
      <trkpt lat="42.964729" lon="-0.343352"/>
      <trkpt lat="42.964768" lon="-0.343399"/>
      <trkpt lat="42.964824" lon="-0.343442"/>
      <trkpt lat="42.964876" lon="-0.343456"/>
      <trkpt lat="42.964926" lon="-0.343444"/>
      <trkpt lat="42.964971" lon="-0.343411"/>
      <trkpt lat="42.965022" lon="-0.343351"/>
      <trkpt lat="42.965057" lon="-0.343277"/>
      <trkpt lat="42.965080" lon="-0.343187"/>
      <trkpt lat="42.965100" lon="-0.343032"/>
      <trkpt lat="42.965102" lon="-0.342806"/>
      <trkpt lat="42.965080" lon="-0.342268"/>
      <trkpt lat="42.965021" lon="-0.341742"/>
      <trkpt lat="42.964945" lon="-0.340817"/>
      <trkpt lat="42.964902" lon="-0.340598"/>
      <trkpt lat="42.964791" lon="-0.340201"/>
      <trkpt lat="42.964760" lon="-0.339953"/>
      <trkpt lat="42.964741" lon="-0.339553"/>
      <trkpt lat="42.964724" lon="-0.339438"/>
      <trkpt lat="42.964662" lon="-0.339193"/>
      <trkpt lat="42.964646" lon="-0.339103"/>
      <trkpt lat="42.964641" lon="-0.339018"/>
      <trkpt lat="42.964648" lon="-0.338905"/>
      <trkpt lat="42.964672" lon="-0.338734"/>
      <trkpt lat="42.964679" lon="-0.338627"/>
      <trkpt lat="42.964670" lon="-0.338518"/>
      <trkpt lat="42.964561" lon="-0.338152"/>
      <trkpt lat="42.964493" lon="-0.337919"/>
      <trkpt lat="42.964477" lon="-0.337816"/>
      <trkpt lat="42.964476" lon="-0.337748"/>
      <trkpt lat="42.964486" lon="-0.337584"/>
      <trkpt lat="42.964507" lon="-0.337387"/>
      <trkpt lat="42.964508" lon="-0.337297"/>
      <trkpt lat="42.964453" lon="-0.336891"/>
      <trkpt lat="42.964370" lon="-0.336383"/>
      <trkpt lat="42.964295" lon="-0.335844"/>
      <trkpt lat="42.964276" lon="-0.335746"/>
      <trkpt lat="42.964210" lon="-0.335535"/>
      <trkpt lat="42.964074" lon="-0.335152"/>
      <trkpt lat="42.963946" lon="-0.334868"/>
      <trkpt lat="42.963905" lon="-0.334748"/>
      <trkpt lat="42.963783" lon="-0.334508"/>
      <trkpt lat="42.963666" lon="-0.334171"/>
      <trkpt lat="42.963589" lon="-0.333998"/>
      <trkpt lat="42.963512" lon="-0.333867"/>
      <trkpt lat="42.963399" lon="-0.333686"/>
      <trkpt lat="42.963276" lon="-0.333495"/>
      <trkpt lat="42.963180" lon="-0.333364"/>
      <trkpt lat="42.962997" lon="-0.333178"/>
      <trkpt lat="42.962448" lon="-0.332700"/>
      <trkpt lat="42.962348" lon="-0.332655"/>
      <trkpt lat="42.962216" lon="-0.332638"/>
      <trkpt lat="42.961735" lon="-0.332612"/>
      <trkpt lat="42.961653" lon="-0.332613"/>
      <trkpt lat="42.961589" lon="-0.332634"/>
      <trkpt lat="42.961519" lon="-0.332674"/>
      <trkpt lat="42.961435" lon="-0.332741"/>
      <trkpt lat="42.961251" lon="-0.332942"/>
      <trkpt lat="42.961160" lon="-0.333018"/>
      <trkpt lat="42.961103" lon="-0.333034"/>
      <trkpt lat="42.961044" lon="-0.333038"/>
      <trkpt lat="42.960978" lon="-0.333020"/>
      <trkpt lat="42.960870" lon="-0.332946"/>
      <trkpt lat="42.960740" lon="-0.332823"/>
      <trkpt lat="42.960659" lon="-0.332786"/>
      <trkpt lat="42.960591" lon="-0.332773"/>
      <trkpt lat="42.960537" lon="-0.332777"/>
      <trkpt lat="42.960432" lon="-0.332798"/>
      <trkpt lat="42.960379" lon="-0.332822"/>
      <trkpt lat="42.960321" lon="-0.332853"/>
      <trkpt lat="42.960283" lon="-0.332880"/>
      <trkpt lat="42.960232" lon="-0.332915"/>
      <trkpt lat="42.960155" lon="-0.332958"/>
      <trkpt lat="42.960112" lon="-0.332982"/>
      <trkpt lat="42.960018" lon="-0.333017"/>
      <trkpt lat="42.959945" lon="-0.333035"/>
      <trkpt lat="42.959936" lon="-0.333036"/>
      <trkpt lat="42.959868" lon="-0.333046"/>
      <trkpt lat="42.959784" lon="-0.333043"/>
      <trkpt lat="42.959744" lon="-0.333042"/>
      <trkpt lat="42.959678" lon="-0.333033"/>
      <trkpt lat="42.959191" lon="-0.332928"/>
      <trkpt lat="42.959117" lon="-0.332925"/>
      <trkpt lat="42.959044" lon="-0.332933"/>
      <trkpt lat="42.958936" lon="-0.332952"/>
      <trkpt lat="42.958899" lon="-0.332963"/>
      <trkpt lat="42.958787" lon="-0.332994"/>
      <trkpt lat="42.958658" lon="-0.332996"/>
      <trkpt lat="42.958502" lon="-0.332984"/>
      <trkpt lat="42.958389" lon="-0.332948"/>
      <trkpt lat="42.958317" lon="-0.332907"/>
      <trkpt lat="42.958214" lon="-0.332804"/>
      <trkpt lat="42.958146" lon="-0.332729"/>
      <trkpt lat="42.958103" lon="-0.332668"/>
      <trkpt lat="42.958083" lon="-0.332613"/>
      <trkpt lat="42.958076" lon="-0.332546"/>
      <trkpt lat="42.958080" lon="-0.332489"/>
      <trkpt lat="42.958099" lon="-0.332444"/>
      <trkpt lat="42.958130" lon="-0.332403"/>
      <trkpt lat="42.958175" lon="-0.332377"/>
      <trkpt lat="42.958271" lon="-0.332351"/>
      <trkpt lat="42.958383" lon="-0.332367"/>
      <trkpt lat="42.958453" lon="-0.332414"/>
      <trkpt lat="42.958510" lon="-0.332470"/>
      <trkpt lat="42.958624" lon="-0.332616"/>
      <trkpt lat="42.958678" lon="-0.332660"/>
      <trkpt lat="42.958727" lon="-0.332678"/>
      <trkpt lat="42.958797" lon="-0.332690"/>
      <trkpt lat="42.958867" lon="-0.332680"/>
      <trkpt lat="42.959105" lon="-0.332605"/>
      <trkpt lat="42.959198" lon="-0.332596"/>
      <trkpt lat="42.959376" lon="-0.332624"/>
      <trkpt lat="42.959462" lon="-0.332624"/>
      <trkpt lat="42.959547" lon="-0.332606"/>
      <trkpt lat="42.959646" lon="-0.332564"/>
      <trkpt lat="42.959731" lon="-0.332487"/>
      <trkpt lat="42.959796" lon="-0.332395"/>
      <trkpt lat="42.959833" lon="-0.332306"/>
      <trkpt lat="42.959856" lon="-0.332182"/>
      <trkpt lat="42.959904" lon="-0.331944"/>
      <trkpt lat="42.959944" lon="-0.331858"/>
      <trkpt lat="42.960188" lon="-0.331566"/>
      <trkpt lat="42.960348" lon="-0.331364"/>
      <trkpt lat="42.960426" lon="-0.331287"/>
      <trkpt lat="42.960499" lon="-0.331244"/>
      <trkpt lat="42.960587" lon="-0.331222"/>
      <trkpt lat="42.960714" lon="-0.331220"/>
      <trkpt lat="42.960805" lon="-0.331201"/>
      <trkpt lat="42.960874" lon="-0.331172"/>
      <trkpt lat="42.961031" lon="-0.331082"/>
      <trkpt lat="42.961112" lon="-0.331076"/>
      <trkpt lat="42.961301" lon="-0.331114"/>
      <trkpt lat="42.961381" lon="-0.331104"/>
      <trkpt lat="42.961471" lon="-0.331073"/>
      <trkpt lat="42.961815" lon="-0.330917"/>
      <trkpt lat="42.961977" lon="-0.330811"/>
      <trkpt lat="42.962129" lon="-0.330679"/>
      <trkpt lat="42.962462" lon="-0.330524"/>
      <trkpt lat="42.962635" lon="-0.330431"/>
      <trkpt lat="42.962751" lon="-0.330392"/>
      <trkpt lat="42.962898" lon="-0.330401"/>
      <trkpt lat="42.962992" lon="-0.330423"/>
      <trkpt lat="42.963089" lon="-0.330474"/>
      <trkpt lat="42.963186" lon="-0.330544"/>
      <trkpt lat="42.963252" lon="-0.330610"/>
      <trkpt lat="42.963293" lon="-0.330675"/>
      <trkpt lat="42.963413" lon="-0.331016"/>
      <trkpt lat="42.963470" lon="-0.331137"/>
      <trkpt lat="42.963536" lon="-0.331212"/>
      <trkpt lat="42.963615" lon="-0.331251"/>
      <trkpt lat="42.963701" lon="-0.331269"/>
      <trkpt lat="42.963795" lon="-0.331298"/>
      <trkpt lat="42.964152" lon="-0.331485"/>
      <trkpt lat="42.964365" lon="-0.331573"/>
      <trkpt lat="42.964415" lon="-0.331613"/>
      <trkpt lat="42.964457" lon="-0.331671"/>
      <trkpt lat="42.964495" lon="-0.331757"/>
      <trkpt lat="42.964538" lon="-0.331819"/>
      <trkpt lat="42.964597" lon="-0.331877"/>
      <trkpt lat="42.964698" lon="-0.331946"/>
      <trkpt lat="42.964754" lon="-0.331998"/>
      <trkpt lat="42.964794" lon="-0.332063"/>
      <trkpt lat="42.964836" lon="-0.332158"/>
      <trkpt lat="42.964928" lon="-0.332296"/>
      <trkpt lat="42.964962" lon="-0.332365"/>
      <trkpt lat="42.964971" lon="-0.332434"/>
      <trkpt lat="42.964971" lon="-0.332550"/>
      <trkpt lat="42.964981" lon="-0.332649"/>
      <trkpt lat="42.965007" lon="-0.332762"/>
      <trkpt lat="42.965053" lon="-0.332891"/>
      <trkpt lat="42.965068" lon="-0.332974"/>
      <trkpt lat="42.965080" lon="-0.333218"/>
      <trkpt lat="42.965099" lon="-0.333363"/>
      <trkpt lat="42.965128" lon="-0.333489"/>
      <trkpt lat="42.965204" lon="-0.333724"/>
      <trkpt lat="42.965244" lon="-0.333891"/>
      <trkpt lat="42.965292" lon="-0.334112"/>
      <trkpt lat="42.965325" lon="-0.334206"/>
      <trkpt lat="42.965366" lon="-0.334290"/>
      <trkpt lat="42.965528" lon="-0.334463"/>
      <trkpt lat="42.965582" lon="-0.334505"/>
      <trkpt lat="42.965660" lon="-0.334515"/>
      <trkpt lat="42.965819" lon="-0.334462"/>
      <trkpt lat="42.965995" lon="-0.334426"/>
      <trkpt lat="42.966127" lon="-0.334402"/>
      <trkpt lat="42.966183" lon="-0.334413"/>
      <trkpt lat="42.966251" lon="-0.334460"/>
      <trkpt lat="42.966300" lon="-0.334541"/>
      <trkpt lat="42.966341" lon="-0.334645"/>
      <trkpt lat="42.966373" lon="-0.334778"/>
      <trkpt lat="42.966384" lon="-0.334874"/>
      <trkpt lat="42.966388" lon="-0.335008"/>
      <trkpt lat="42.966420" lon="-0.335148"/>
      <trkpt lat="42.966449" lon="-0.335228"/>
      <trkpt lat="42.966526" lon="-0.335336"/>
      <trkpt lat="42.966615" lon="-0.335423"/>
      <trkpt lat="42.966729" lon="-0.335499"/>
      <trkpt lat="42.966914" lon="-0.335574"/>
      <trkpt lat="42.966991" lon="-0.335592"/>
      <trkpt lat="42.967196" lon="-0.335607"/>
      <trkpt lat="42.967312" lon="-0.335638"/>
      <trkpt lat="42.967382" lon="-0.335681"/>
      <trkpt lat="42.967503" lon="-0.335796"/>
      <trkpt lat="42.967589" lon="-0.335869"/>
      <trkpt lat="42.967672" lon="-0.335913"/>
      <trkpt lat="42.967810" lon="-0.335938"/>
      <trkpt lat="42.967877" lon="-0.335974"/>
      <trkpt lat="42.967916" lon="-0.336011"/>
      <trkpt lat="42.967959" lon="-0.336075"/>
      <trkpt lat="42.968021" lon="-0.336228"/>
      <trkpt lat="42.968077" lon="-0.336311"/>
      <trkpt lat="42.968159" lon="-0.336395"/>
      <trkpt lat="42.968287" lon="-0.336507"/>
      <trkpt lat="42.968358" lon="-0.336550"/>
      <trkpt lat="42.968427" lon="-0.336576"/>
      <trkpt lat="42.968617" lon="-0.336603"/>
      <trkpt lat="42.968760" lon="-0.336654"/>
      <trkpt lat="42.968826" lon="-0.336698"/>
      <trkpt lat="42.968858" lon="-0.336733"/>
      <trkpt lat="42.968882" lon="-0.336784"/>
      <trkpt lat="42.968893" lon="-0.336828"/>
      <trkpt lat="42.968887" lon="-0.336896"/>
      <trkpt lat="42.968822" lon="-0.337127"/>
      <trkpt lat="42.968822" lon="-0.337190"/>
      <trkpt lat="42.968833" lon="-0.337260"/>
      <trkpt lat="42.968906" lon="-0.337423"/>
      <trkpt lat="42.968915" lon="-0.337482"/>
      <trkpt lat="42.968913" lon="-0.337548"/>
      <trkpt lat="42.968894" lon="-0.337639"/>
      <trkpt lat="42.968856" lon="-0.337767"/>
      <trkpt lat="42.968836" lon="-0.337861"/>
      <trkpt lat="42.968830" lon="-0.337962"/>
      <trkpt lat="42.968833" lon="-0.338072"/>
      <trkpt lat="42.968849" lon="-0.338203"/>
      <trkpt lat="42.968967" lon="-0.338768"/>
      <trkpt lat="42.968993" lon="-0.338910"/>
      <trkpt lat="42.969011" lon="-0.339239"/>
      <trkpt lat="42.969030" lon="-0.339365"/>
      <trkpt lat="42.969054" lon="-0.339468"/>
      <trkpt lat="42.969188" lon="-0.339935"/>
      <trkpt lat="42.969257" lon="-0.340227"/>
      <trkpt lat="42.969303" lon="-0.340370"/>
      <trkpt lat="42.969401" lon="-0.340544"/>
      <trkpt lat="42.969424" lon="-0.340615"/>
      <trkpt lat="42.969435" lon="-0.340676"/>
      <trkpt lat="42.969438" lon="-0.340731"/>
      <trkpt lat="42.969429" lon="-0.340786"/>
      <trkpt lat="42.969410" lon="-0.340850"/>
      <trkpt lat="42.969270" lon="-0.341159"/>
      <trkpt lat="42.969257" lon="-0.341217"/>
      <trkpt lat="42.969252" lon="-0.341278"/>
      <trkpt lat="42.969256" lon="-0.341335"/>
      <trkpt lat="42.969285" lon="-0.341440"/>
      <trkpt lat="42.969382" lon="-0.341650"/>
      <trkpt lat="42.969578" lon="-0.342030"/>
      <trkpt lat="42.969648" lon="-0.342183"/>
      <trkpt lat="42.969853" lon="-0.342730"/>
      <trkpt lat="42.969873" lon="-0.342807"/>
      <trkpt lat="42.969882" lon="-0.342880"/>
      <trkpt lat="42.969879" lon="-0.342974"/>
      <trkpt lat="42.969836" lon="-0.343303"/>
      <trkpt lat="42.969825" lon="-0.343477"/>
      <trkpt lat="42.969827" lon="-0.343584"/>
      <trkpt lat="42.969841" lon="-0.343660"/>
      <trkpt lat="42.969862" lon="-0.343714"/>
      <trkpt lat="42.969899" lon="-0.343767"/>
      <trkpt lat="42.969965" lon="-0.343828"/>
      <trkpt lat="42.970142" lon="-0.343968"/>
      <trkpt lat="42.970199" lon="-0.344028"/>
      <trkpt lat="42.970245" lon="-0.344087"/>
      <trkpt lat="42.970311" lon="-0.344200"/>
      <trkpt lat="42.970682" lon="-0.344958"/>
      <trkpt lat="42.970774" lon="-0.345224"/>
      <trkpt lat="42.970817" lon="-0.345304"/>
      <trkpt lat="42.970863" lon="-0.345368"/>
      <trkpt lat="42.970936" lon="-0.345439"/>
      <trkpt lat="42.971088" lon="-0.345550"/>
      <trkpt lat="42.971354" lon="-0.345711"/>
      <trkpt lat="42.971395" lon="-0.345744"/>
      <trkpt lat="42.971428" lon="-0.345789"/>
      <trkpt lat="42.971459" lon="-0.345864"/>
      <trkpt lat="42.971512" lon="-0.346038"/>
      <trkpt lat="42.971556" lon="-0.346187"/>
      <trkpt lat="42.971576" lon="-0.346282"/>
      <trkpt lat="42.971587" lon="-0.346524"/>
      <trkpt lat="42.971597" lon="-0.346604"/>
      <trkpt lat="42.971613" lon="-0.346672"/>
      <trkpt lat="42.971631" lon="-0.346716"/>
      <trkpt lat="42.971663" lon="-0.346764"/>
      <trkpt lat="42.971699" lon="-0.346789"/>
      <trkpt lat="42.971736" lon="-0.346794"/>
      <trkpt lat="42.971774" lon="-0.346781"/>
      <trkpt lat="42.971805" lon="-0.346754"/>
      <trkpt lat="42.971833" lon="-0.346705"/>
      <trkpt lat="42.971848" lon="-0.346629"/>
      <trkpt lat="42.971864" lon="-0.346386"/>
      <trkpt lat="42.971858" lon="-0.346032"/>
      <trkpt lat="42.971873" lon="-0.345955"/>
      <trkpt lat="42.971896" lon="-0.345892"/>
      <trkpt lat="42.971942" lon="-0.345822"/>
      <trkpt lat="42.971988" lon="-0.345789"/>
      <trkpt lat="42.972052" lon="-0.345772"/>
      <trkpt lat="42.972104" lon="-0.345769"/>
      <trkpt lat="42.972211" lon="-0.345781"/>
      <trkpt lat="42.972400" lon="-0.345769"/>
      <trkpt lat="42.972451" lon="-0.345785"/>
      <trkpt lat="42.972500" lon="-0.345818"/>
      <trkpt lat="42.972544" lon="-0.345867"/>
      <trkpt lat="42.972580" lon="-0.345930"/>
      <trkpt lat="42.972609" lon="-0.346020"/>
      <trkpt lat="42.972661" lon="-0.346263"/>
      <trkpt lat="42.972688" lon="-0.346327"/>
      <trkpt lat="42.972719" lon="-0.346371"/>
      <trkpt lat="42.972770" lon="-0.346410"/>
      <trkpt lat="42.972827" lon="-0.346435"/>
      <trkpt lat="42.972944" lon="-0.346464"/>
      <trkpt lat="42.973170" lon="-0.346504"/>
      <trkpt lat="42.973319" lon="-0.346523"/>
      <trkpt lat="42.973395" lon="-0.346519"/>
      <trkpt lat="42.973457" lon="-0.346507"/>
      <trkpt lat="42.973516" lon="-0.346485"/>
      <trkpt lat="42.973575" lon="-0.346440"/>
      <trkpt lat="42.973619" lon="-0.346396"/>
      <trkpt lat="42.973653" lon="-0.346342"/>
      <trkpt lat="42.973675" lon="-0.346284"/>
      <trkpt lat="42.973687" lon="-0.346216"/>
      <trkpt lat="42.973684" lon="-0.346130"/>
      <trkpt lat="42.973649" lon="-0.345891"/>
      <trkpt lat="42.973635" lon="-0.345752"/>
      <trkpt lat="42.973633" lon="-0.345673"/>
      <trkpt lat="42.973638" lon="-0.345599"/>
      <trkpt lat="42.973656" lon="-0.345523"/>
      <trkpt lat="42.973680" lon="-0.345459"/>
      <trkpt lat="42.973709" lon="-0.345409"/>
      <trkpt lat="42.973746" lon="-0.345373"/>
      <trkpt lat="42.973789" lon="-0.345339"/>
      <trkpt lat="42.973944" lon="-0.345289"/>
      <trkpt lat="42.974010" lon="-0.345251"/>
      <trkpt lat="42.974069" lon="-0.345202"/>
      <trkpt lat="42.974112" lon="-0.345152"/>
      <trkpt lat="42.974142" lon="-0.345090"/>
      <trkpt lat="42.974172" lon="-0.345004"/>
      <trkpt lat="42.974246" lon="-0.344738"/>
      <trkpt lat="42.974288" lon="-0.344639"/>
      <trkpt lat="42.974326" lon="-0.344569"/>
      <trkpt lat="42.974369" lon="-0.344513"/>
      <trkpt lat="42.974422" lon="-0.344473"/>
      <trkpt lat="42.974473" lon="-0.344448"/>
      <trkpt lat="42.974535" lon="-0.344438"/>
      <trkpt lat="42.974599" lon="-0.344439"/>
      <trkpt lat="42.974674" lon="-0.344455"/>
      <trkpt lat="42.974742" lon="-0.344485"/>
      <trkpt lat="42.974824" lon="-0.344539"/>
      <trkpt lat="42.974974" lon="-0.344650"/>
      <trkpt lat="42.975081" lon="-0.344742"/>
      <trkpt lat="42.975140" lon="-0.344809"/>
      <trkpt lat="42.975198" lon="-0.344880"/>
      <trkpt lat="42.975254" lon="-0.344974"/>
      <trkpt lat="42.975348" lon="-0.345160"/>
      <trkpt lat="42.975400" lon="-0.345240"/>
      <trkpt lat="42.975462" lon="-0.345288"/>
      <trkpt lat="42.975527" lon="-0.345317"/>
      <trkpt lat="42.975583" lon="-0.345329"/>
      <trkpt lat="42.975640" lon="-0.345329"/>
      <trkpt lat="42.975747" lon="-0.345296"/>
      <trkpt lat="42.975815" lon="-0.345250"/>
      <trkpt lat="42.975894" lon="-0.345161"/>
      <trkpt lat="42.975983" lon="-0.344996"/>
      <trkpt lat="42.976033" lon="-0.344917"/>
      <trkpt lat="42.976067" lon="-0.344881"/>
      <trkpt lat="42.976121" lon="-0.344849"/>
      <trkpt lat="42.976163" lon="-0.344843"/>
      <trkpt lat="42.976214" lon="-0.344855"/>
      <trkpt lat="42.976264" lon="-0.344892"/>
      <trkpt lat="42.976442" lon="-0.345121"/>
      <trkpt lat="42.976508" lon="-0.345185"/>
      <trkpt lat="42.976559" lon="-0.345222"/>
      <trkpt lat="42.976773" lon="-0.345322"/>
      <trkpt lat="42.976845" lon="-0.345341"/>
      <trkpt lat="42.976910" lon="-0.345343"/>
      <trkpt lat="42.977038" lon="-0.345306"/>
      <trkpt lat="42.977100" lon="-0.345274"/>
      <trkpt lat="42.977154" lon="-0.345234"/>
      <trkpt lat="42.977221" lon="-0.345162"/>
      <trkpt lat="42.977267" lon="-0.345099"/>
      <trkpt lat="42.977318" lon="-0.345000"/>
      <trkpt lat="42.977432" lon="-0.344730"/>
      <trkpt lat="42.977481" lon="-0.344644"/>
      <trkpt lat="42.977705" lon="-0.344325"/>
      <trkpt lat="42.977777" lon="-0.344202"/>
      <trkpt lat="42.978058" lon="-0.343604"/>
      <trkpt lat="42.978094" lon="-0.343506"/>
      <trkpt lat="42.978120" lon="-0.343399"/>
      <trkpt lat="42.978146" lon="-0.343251"/>
      <trkpt lat="42.978167" lon="-0.343184"/>
      <trkpt lat="42.978205" lon="-0.343121"/>
      <trkpt lat="42.978252" lon="-0.343078"/>
      <trkpt lat="42.978337" lon="-0.343034"/>
      <trkpt lat="42.978495" lon="-0.343008"/>
      <trkpt lat="42.978555" lon="-0.343014"/>
      <trkpt lat="42.978618" lon="-0.343036"/>
      <trkpt lat="42.978734" lon="-0.343088"/>
      <trkpt lat="42.978812" lon="-0.343106"/>
      <trkpt lat="42.978861" lon="-0.343104"/>
      <trkpt lat="42.978921" lon="-0.343069"/>
      <trkpt lat="42.978949" lon="-0.343033"/>
      <trkpt lat="42.978966" lon="-0.343001"/>
      <trkpt lat="42.978976" lon="-0.342943"/>
      <trkpt lat="42.978974" lon="-0.342889"/>
      <trkpt lat="42.978955" lon="-0.342825"/>
      <trkpt lat="42.978924" lon="-0.342783"/>
      <trkpt lat="42.978884" lon="-0.342756"/>
      <trkpt lat="42.978826" lon="-0.342744"/>
      <trkpt lat="42.978762" lon="-0.342748"/>
      <trkpt lat="42.978605" lon="-0.342785"/>
      <trkpt lat="42.978521" lon="-0.342796"/>
      <trkpt lat="42.978448" lon="-0.342795"/>
      <trkpt lat="42.978243" lon="-0.342766"/>
      <trkpt lat="42.978187" lon="-0.342770"/>
      <trkpt lat="42.978142" lon="-0.342784"/>
      <trkpt lat="42.978087" lon="-0.342811"/>
      <trkpt lat="42.978032" lon="-0.342852"/>
      <trkpt lat="42.977817" lon="-0.343090"/>
      <trkpt lat="42.977762" lon="-0.343134"/>
      <trkpt lat="42.977698" lon="-0.343167"/>
      <trkpt lat="42.977550" lon="-0.343215"/>
      <trkpt lat="42.977469" lon="-0.343228"/>
      <trkpt lat="42.977327" lon="-0.343216"/>
      <trkpt lat="42.977276" lon="-0.343196"/>
      <trkpt lat="42.977210" lon="-0.343147"/>
      <trkpt lat="42.977151" lon="-0.343070"/>
      <trkpt lat="42.977114" lon="-0.342985"/>
      <trkpt lat="42.977088" lon="-0.342899"/>
      <trkpt lat="42.977055" lon="-0.342740"/>
      <trkpt lat="42.977000" lon="-0.342414"/>
      <trkpt lat="42.976969" lon="-0.342268"/>
      <trkpt lat="42.976932" lon="-0.342152"/>
      <trkpt lat="42.976898" lon="-0.342074"/>
      <trkpt lat="42.976847" lon="-0.341978"/>
      <trkpt lat="42.976793" lon="-0.341899"/>
      <trkpt lat="42.976609" lon="-0.341671"/>
      <trkpt lat="42.976520" lon="-0.341547"/>
      <trkpt lat="42.976438" lon="-0.341400"/>
      <trkpt lat="42.976389" lon="-0.341288"/>
      <trkpt lat="42.976343" lon="-0.341153"/>
      <trkpt lat="42.976308" lon="-0.341019"/>
      <trkpt lat="42.976283" lon="-0.340867"/>
      <trkpt lat="42.976272" lon="-0.340722"/>
      <trkpt lat="42.976271" lon="-0.340608"/>
      <trkpt lat="42.976278" lon="-0.340447"/>
      <trkpt lat="42.976303" lon="-0.340323"/>
      <trkpt lat="42.976330" lon="-0.340232"/>
      <trkpt lat="42.976363" lon="-0.340147"/>
      <trkpt lat="42.976403" lon="-0.340071"/>
      <trkpt lat="42.976515" lon="-0.339892"/>
      <trkpt lat="42.976575" lon="-0.339792"/>
      <trkpt lat="42.976616" lon="-0.339698"/>
      <trkpt lat="42.976632" lon="-0.339628"/>
      <trkpt lat="42.976631" lon="-0.339539"/>
      <trkpt lat="42.976611" lon="-0.339457"/>
      <trkpt lat="42.976585" lon="-0.339390"/>
      <trkpt lat="42.976418" lon="-0.339030"/>
      <trkpt lat="42.976370" lon="-0.338884"/>
      <trkpt lat="42.976340" lon="-0.338753"/>
      <trkpt lat="42.976312" lon="-0.338597"/>
      <trkpt lat="42.976287" lon="-0.338457"/>
      <trkpt lat="42.976259" lon="-0.338333"/>
      <trkpt lat="42.976229" lon="-0.338225"/>
      <trkpt lat="42.976147" lon="-0.338046"/>
      <trkpt lat="42.976110" lon="-0.337986"/>
      <trkpt lat="42.976058" lon="-0.337926"/>
      <trkpt lat="42.975984" lon="-0.337854"/>
      <trkpt lat="42.975498" lon="-0.337471"/>
      <trkpt lat="42.975391" lon="-0.337374"/>
      <trkpt lat="42.975320" lon="-0.337288"/>
      <trkpt lat="42.975258" lon="-0.337195"/>
      <trkpt lat="42.975210" lon="-0.337097"/>
      <trkpt lat="42.975180" lon="-0.337008"/>
      <trkpt lat="42.975157" lon="-0.336900"/>
      <trkpt lat="42.975148" lon="-0.336792"/>
      <trkpt lat="42.975150" lon="-0.336383"/>
      <trkpt lat="42.975141" lon="-0.336228"/>
      <trkpt lat="42.975061" lon="-0.335549"/>
      <trkpt lat="42.975020" lon="-0.335262"/>
      <trkpt lat="42.974992" lon="-0.335116"/>
      <trkpt lat="42.974922" lon="-0.334847"/>
      <trkpt lat="42.974851" lon="-0.334638"/>
      <trkpt lat="42.974814" lon="-0.334563"/>
      <trkpt lat="42.974762" lon="-0.334481"/>
      <trkpt lat="42.974487" lon="-0.334164"/>
      <trkpt lat="42.974433" lon="-0.334080"/>
      <trkpt lat="42.974392" lon="-0.333994"/>
      <trkpt lat="42.974236" lon="-0.333565"/>
      <trkpt lat="42.974128" lon="-0.333179"/>
      <trkpt lat="42.974076" lon="-0.333040"/>
      <trkpt lat="42.973970" lon="-0.332806"/>
      <trkpt lat="42.973910" lon="-0.332701"/>
      <trkpt lat="42.973861" lon="-0.332630"/>
      <trkpt lat="42.973679" lon="-0.332418"/>
      <trkpt lat="42.973540" lon="-0.332272"/>
      <trkpt lat="42.973388" lon="-0.332149"/>
      <trkpt lat="42.973292" lon="-0.332092"/>
      <trkpt lat="42.973179" lon="-0.332035"/>
      <trkpt lat="42.973000" lon="-0.331975"/>
      <trkpt lat="42.972829" lon="-0.331954"/>
      <trkpt lat="42.972715" lon="-0.331954"/>
      <trkpt lat="42.972638" lon="-0.331963"/>
      <trkpt lat="42.972552" lon="-0.331980"/>
      <trkpt lat="42.972396" lon="-0.332029"/>
      <trkpt lat="42.972325" lon="-0.332039"/>
      <trkpt lat="42.972281" lon="-0.332026"/>
      <trkpt lat="42.972227" lon="-0.331986"/>
      <trkpt lat="42.972191" lon="-0.331941"/>
      <trkpt lat="42.972167" lon="-0.331869"/>
      <trkpt lat="42.972155" lon="-0.331799"/>
      <trkpt lat="42.972150" lon="-0.331699"/>
      <trkpt lat="42.972156" lon="-0.331612"/>
      <trkpt lat="42.972170" lon="-0.331520"/>
      <trkpt lat="42.972224" lon="-0.331300"/>
      <trkpt lat="42.972242" lon="-0.331194"/>
      <trkpt lat="42.972249" lon="-0.331119"/>
      <trkpt lat="42.972247" lon="-0.331058"/>
      <trkpt lat="42.972236" lon="-0.330998"/>
      <trkpt lat="42.972215" lon="-0.330935"/>
      <trkpt lat="42.972187" lon="-0.330884"/>
      <trkpt lat="42.972100" lon="-0.330769"/>
      <trkpt lat="42.972033" lon="-0.330663"/>
      <trkpt lat="42.971927" lon="-0.330419"/>
      <trkpt lat="42.971880" lon="-0.330329"/>
      <trkpt lat="42.971771" lon="-0.330139"/>
      <trkpt lat="42.971734" lon="-0.330047"/>
      <trkpt lat="42.971666" lon="-0.329762"/>
      <trkpt lat="42.971597" lon="-0.329430"/>
      <trkpt lat="42.971524" lon="-0.329028"/>
      <trkpt lat="42.971486" lon="-0.328754"/>
      <trkpt lat="42.971484" lon="-0.328650"/>
      <trkpt lat="42.971493" lon="-0.328569"/>
      <trkpt lat="42.971513" lon="-0.328497"/>
      <trkpt lat="42.971553" lon="-0.328395"/>
      <trkpt lat="42.971569" lon="-0.328334"/>
      <trkpt lat="42.971575" lon="-0.328283"/>
      <trkpt lat="42.971570" lon="-0.328221"/>
      <trkpt lat="42.971546" lon="-0.328129"/>
      <trkpt lat="42.971524" lon="-0.328082"/>
      <trkpt lat="42.971482" lon="-0.328025"/>
      <trkpt lat="42.971330" lon="-0.327862"/>
      <trkpt lat="42.971271" lon="-0.327786"/>
      <trkpt lat="42.971221" lon="-0.327688"/>
      <trkpt lat="42.971199" lon="-0.327639"/>
      <trkpt lat="42.971183" lon="-0.327564"/>
      <trkpt lat="42.971179" lon="-0.327494"/>
      <trkpt lat="42.971183" lon="-0.327434"/>
      <trkpt lat="42.971200" lon="-0.327348"/>
      <trkpt lat="42.971246" lon="-0.327181"/>
      <trkpt lat="42.971291" lon="-0.327055"/>
      <trkpt lat="42.971339" lon="-0.326943"/>
      <trkpt lat="42.971412" lon="-0.326816"/>
      <trkpt lat="42.971530" lon="-0.326644"/>
      <trkpt lat="42.971611" lon="-0.326505"/>
      <trkpt lat="42.971679" lon="-0.326367"/>
      <trkpt lat="42.971742" lon="-0.326262"/>
      <trkpt lat="42.971796" lon="-0.326192"/>
      <trkpt lat="42.971915" lon="-0.326082"/>
      <trkpt lat="42.972280" lon="-0.325783"/>
      <trkpt lat="42.972334" lon="-0.325713"/>
      <trkpt lat="42.972388" lon="-0.325623"/>
      <trkpt lat="42.972431" lon="-0.325530"/>
      <trkpt lat="42.972459" lon="-0.325447"/>
      <trkpt lat="42.972483" lon="-0.325347"/>
      <trkpt lat="42.972495" lon="-0.325257"/>
      <trkpt lat="42.972494" lon="-0.325179"/>
      <trkpt lat="42.972483" lon="-0.325091"/>
      <trkpt lat="42.972441" lon="-0.324932"/>
      <trkpt lat="42.972408" lon="-0.324846"/>
      <trkpt lat="42.972383" lon="-0.324797"/>
      <trkpt lat="42.972352" lon="-0.324752"/>
      <trkpt lat="42.972313" lon="-0.324716"/>
      <trkpt lat="42.972277" lon="-0.324696"/>
      <trkpt lat="42.972229" lon="-0.324675"/>
      <trkpt lat="42.972170" lon="-0.324665"/>
      <trkpt lat="42.972094" lon="-0.324662"/>
      <trkpt lat="42.972006" lon="-0.324669"/>
      <trkpt lat="42.971826" lon="-0.324707"/>
      <trkpt lat="42.971781" lon="-0.324700"/>
      <trkpt lat="42.971664" lon="-0.324629"/>
      <trkpt lat="42.971616" lon="-0.324610"/>
      <trkpt lat="42.971550" lon="-0.324606"/>
      <trkpt lat="42.971430" lon="-0.324626"/>
      <trkpt lat="42.971369" lon="-0.324619"/>
      <trkpt lat="42.971284" lon="-0.324590"/>
      <trkpt lat="42.971221" lon="-0.324543"/>
      <trkpt lat="42.971097" lon="-0.324435"/>
      <trkpt lat="42.970937" lon="-0.324325"/>
      <trkpt lat="42.970897" lon="-0.324272"/>
      <trkpt lat="42.970872" lon="-0.324223"/>
      <trkpt lat="42.970862" lon="-0.324177"/>
      <trkpt lat="42.970865" lon="-0.324107"/>
      <trkpt lat="42.970885" lon="-0.324046"/>
      <trkpt lat="42.970929" lon="-0.323978"/>
      <trkpt lat="42.970986" lon="-0.323914"/>
      <trkpt lat="42.971045" lon="-0.323871"/>
      <trkpt lat="42.971211" lon="-0.323778"/>
      <trkpt lat="42.971270" lon="-0.323722"/>
      <trkpt lat="42.971319" lon="-0.323662"/>
      <trkpt lat="42.971366" lon="-0.323563"/>
      <trkpt lat="42.971400" lon="-0.323464"/>
      <trkpt lat="42.971432" lon="-0.323338"/>
      <trkpt lat="42.971447" lon="-0.323244"/>
      <trkpt lat="42.971449" lon="-0.323162"/>
      <trkpt lat="42.971443" lon="-0.323104"/>
      <trkpt lat="42.971421" lon="-0.323035"/>
      <trkpt lat="42.971369" lon="-0.322907"/>
      <trkpt lat="42.971349" lon="-0.322829"/>
      <trkpt lat="42.971344" lon="-0.322754"/>
      <trkpt lat="42.971346" lon="-0.322674"/>
      <trkpt lat="42.971359" lon="-0.322578"/>
      <trkpt lat="42.971411" lon="-0.322414"/>
      <trkpt lat="42.971432" lon="-0.322362"/>
      <trkpt lat="42.971465" lon="-0.322319"/>
      <trkpt lat="42.971504" lon="-0.322287"/>
      <trkpt lat="42.971627" lon="-0.322221"/>
      <trkpt lat="42.971789" lon="-0.322123"/>
      <trkpt lat="42.971828" lon="-0.322074"/>
      <trkpt lat="42.971861" lon="-0.321992"/>
      <trkpt lat="42.971899" lon="-0.321856"/>
      <trkpt lat="42.971935" lon="-0.321750"/>
      <trkpt lat="42.971980" lon="-0.321659"/>
      <trkpt lat="42.972117" lon="-0.321425"/>
      <trkpt lat="42.972163" lon="-0.321309"/>
      <trkpt lat="42.972222" lon="-0.321121"/>
      <trkpt lat="42.972257" lon="-0.320950"/>
      <trkpt lat="42.972266" lon="-0.320843"/>
      <trkpt lat="42.972264" lon="-0.320725"/>
      <trkpt lat="42.972242" lon="-0.320493"/>
      <trkpt lat="42.972241" lon="-0.320370"/>
      <trkpt lat="42.972249" lon="-0.320230"/>
      <trkpt lat="42.972359" lon="-0.319570"/>
      <trkpt lat="42.972380" lon="-0.319410"/>
      <trkpt lat="42.972408" lon="-0.319098"/>
      <trkpt lat="42.972424" lon="-0.318966"/>
      <trkpt lat="42.972483" lon="-0.318626"/>
      <trkpt lat="42.972503" lon="-0.318354"/>
      <trkpt lat="42.972515" lon="-0.318266"/>
      <trkpt lat="42.972540" lon="-0.318200"/>
      <trkpt lat="42.972568" lon="-0.318154"/>
      <trkpt lat="42.972599" lon="-0.318122"/>
      <trkpt lat="42.972642" lon="-0.318091"/>
      <trkpt lat="42.972709" lon="-0.318061"/>
      <trkpt lat="42.972821" lon="-0.318037"/>
      <trkpt lat="42.973011" lon="-0.318026"/>
      <trkpt lat="42.973317" lon="-0.318038"/>
      <trkpt lat="42.973398" lon="-0.318049"/>
      <trkpt lat="42.973484" lon="-0.318077"/>
      <trkpt lat="42.973707" lon="-0.318174"/>
      <trkpt lat="42.973780" lon="-0.318190"/>
      <trkpt lat="42.973913" lon="-0.318199"/>
      <trkpt lat="42.974187" lon="-0.318268"/>
      <trkpt lat="42.974357" lon="-0.318324"/>
      <trkpt lat="42.974408" lon="-0.318335"/>
      <trkpt lat="42.974445" lon="-0.318327"/>
      <trkpt lat="42.974476" lon="-0.318297"/>
      <trkpt lat="42.974562" lon="-0.318180"/>
      <trkpt lat="42.974617" lon="-0.318113"/>
      <trkpt lat="42.974670" lon="-0.318070"/>
      <trkpt lat="42.974967" lon="-0.317932"/>
      <trkpt lat="42.975059" lon="-0.317882"/>
      <trkpt lat="42.975311" lon="-0.317700"/>
      <trkpt lat="42.975370" lon="-0.317647"/>
      <trkpt lat="42.975444" lon="-0.317538"/>
      <trkpt lat="42.975524" lon="-0.317378"/>
      <trkpt lat="42.975590" lon="-0.317219"/>
      <trkpt lat="42.975638" lon="-0.317067"/>
      <trkpt lat="42.975670" lon="-0.316919"/>
      <trkpt lat="42.975689" lon="-0.316792"/>
      <trkpt lat="42.975701" lon="-0.316638"/>
      <trkpt lat="42.975704" lon="-0.316433"/>
      <trkpt lat="42.975699" lon="-0.316276"/>
      <trkpt lat="42.975683" lon="-0.316039"/>
      <trkpt lat="42.975640" lon="-0.315500"/>
      <trkpt lat="42.975629" lon="-0.315294"/>
      <trkpt lat="42.975633" lon="-0.315009"/>
      <trkpt lat="42.975624" lon="-0.314919"/>
      <trkpt lat="42.975604" lon="-0.314839"/>
      <trkpt lat="42.975558" lon="-0.314747"/>
      <trkpt lat="42.975541" lon="-0.314683"/>
      <trkpt lat="42.975539" lon="-0.314629"/>
      <trkpt lat="42.975551" lon="-0.314571"/>
      <trkpt lat="42.975584" lon="-0.314495"/>
      <trkpt lat="42.975634" lon="-0.314399"/>
      <trkpt lat="42.975660" lon="-0.314331"/>
      <trkpt lat="42.975677" lon="-0.314248"/>
      <trkpt lat="42.975692" lon="-0.314131"/>
      <trkpt lat="42.975714" lon="-0.313779"/>
      <trkpt lat="42.975728" lon="-0.313520"/>
      <trkpt lat="42.975718" lon="-0.313433"/>
      <trkpt lat="42.975645" lon="-0.313236"/>
      <trkpt lat="42.975620" lon="-0.313107"/>
      <trkpt lat="42.975610" lon="-0.312986"/>
      <trkpt lat="42.975623" lon="-0.312842"/>
      <trkpt lat="42.975656" lon="-0.312728"/>
      <trkpt lat="42.975808" lon="-0.312383"/>
      <trkpt lat="42.975862" lon="-0.312207"/>
      <trkpt lat="42.975921" lon="-0.311942"/>
      <trkpt lat="42.975991" lon="-0.311563"/>
      <trkpt lat="42.976040" lon="-0.311405"/>
      <trkpt lat="42.976093" lon="-0.311240"/>
      <trkpt lat="42.976123" lon="-0.311060"/>
      <trkpt lat="42.976161" lon="-0.310627"/>
      <trkpt lat="42.976155" lon="-0.310518"/>
      <trkpt lat="42.976133" lon="-0.310432"/>
      <trkpt lat="42.976106" lon="-0.310372"/>
      <trkpt lat="42.976068" lon="-0.310312"/>
      <trkpt lat="42.975894" lon="-0.310137"/>
      <trkpt lat="42.975743" lon="-0.309961"/>
      <trkpt lat="42.975662" lon="-0.309846"/>
      <trkpt lat="42.975576" lon="-0.309711"/>
      <trkpt lat="42.975242" lon="-0.309130"/>
      <trkpt lat="42.975202" lon="-0.309073"/>
      <trkpt lat="42.975142" lon="-0.309008"/>
      <trkpt lat="42.974851" lon="-0.308737"/>
      <trkpt lat="42.974787" lon="-0.308653"/>
      <trkpt lat="42.974650" lon="-0.308411"/>
      <trkpt lat="42.974547" lon="-0.308140"/>
      <trkpt lat="42.974504" lon="-0.308060"/>
      <trkpt lat="42.974477" lon="-0.307995"/>
      <trkpt lat="42.974466" lon="-0.307936"/>
      <trkpt lat="42.974465" lon="-0.307869"/>
      <trkpt lat="42.974474" lon="-0.307809"/>
      <trkpt lat="42.974494" lon="-0.307751"/>
      <trkpt lat="42.974582" lon="-0.307570"/>
      <trkpt lat="42.974615" lon="-0.307485"/>
      <trkpt lat="42.974643" lon="-0.307366"/>
      <trkpt lat="42.974803" lon="-0.306070"/>
      <trkpt lat="42.974807" lon="-0.305946"/>
      <trkpt lat="42.974801" lon="-0.305838"/>
      <trkpt lat="42.974762" lon="-0.305690"/>
      <trkpt lat="42.974735" lon="-0.305639"/>
      <trkpt lat="42.974690" lon="-0.305573"/>
      <trkpt lat="42.974634" lon="-0.305511"/>
      <trkpt lat="42.974549" lon="-0.305439"/>
      <trkpt lat="42.974345" lon="-0.305302"/>
      <trkpt lat="42.974279" lon="-0.305250"/>
      <trkpt lat="42.974205" lon="-0.305170"/>
      <trkpt lat="42.974128" lon="-0.305066"/>
      <trkpt lat="42.973947" lon="-0.304791"/>
      <trkpt lat="42.973860" lon="-0.304692"/>
      <trkpt lat="42.973807" lon="-0.304658"/>
      <trkpt lat="42.973759" lon="-0.304647"/>
      <trkpt lat="42.973520" lon="-0.304643"/>
      <trkpt lat="42.973445" lon="-0.304621"/>
      <trkpt lat="42.973385" lon="-0.304586"/>
      <trkpt lat="42.973231" lon="-0.304463"/>
      <trkpt lat="42.973181" lon="-0.304441"/>
      <trkpt lat="42.973118" lon="-0.304438"/>
      <trkpt lat="42.972947" lon="-0.304465"/>
      <trkpt lat="42.972868" lon="-0.304466"/>
      <trkpt lat="42.972764" lon="-0.304427"/>
      <trkpt lat="42.972709" lon="-0.304382"/>
      <trkpt lat="42.972661" lon="-0.304329"/>
      <trkpt lat="42.972527" lon="-0.304116"/>
      <trkpt lat="42.972444" lon="-0.304018"/>
      <trkpt lat="42.972392" lon="-0.303941"/>
      <trkpt lat="42.972299" lon="-0.303730"/>
      <trkpt lat="42.972249" lon="-0.303644"/>
      <trkpt lat="42.972106" lon="-0.303487"/>
      <trkpt lat="42.972040" lon="-0.303399"/>
      <trkpt lat="42.971921" lon="-0.303178"/>
      <trkpt lat="42.971830" lon="-0.303050"/>
      <trkpt lat="42.971752" lon="-0.302927"/>
      <trkpt lat="42.971693" lon="-0.302811"/>
      <trkpt lat="42.971586" lon="-0.302561"/>
      <trkpt lat="42.971533" lon="-0.302456"/>
      <trkpt lat="42.971466" lon="-0.302341"/>
      <trkpt lat="42.971283" lon="-0.302072"/>
      <trkpt lat="42.971224" lon="-0.301997"/>
      <trkpt lat="42.971165" lon="-0.301939"/>
      <trkpt lat="42.971034" lon="-0.301848"/>
      <trkpt lat="42.970931" lon="-0.301766"/>
      <trkpt lat="42.970712" lon="-0.301549"/>
      <trkpt lat="42.970370" lon="-0.301256"/>
      <trkpt lat="42.970320" lon="-0.301203"/>
      <trkpt lat="42.970272" lon="-0.301132"/>
      <trkpt lat="42.970239" lon="-0.301049"/>
      <trkpt lat="42.970210" lon="-0.300958"/>
      <trkpt lat="42.970149" lon="-0.300707"/>
      <trkpt lat="42.970121" lon="-0.300627"/>
      <trkpt lat="42.970089" lon="-0.300571"/>
      <trkpt lat="42.970048" lon="-0.300536"/>
      <trkpt lat="42.970004" lon="-0.300518"/>
      <trkpt lat="42.969960" lon="-0.300513"/>
      <trkpt lat="42.969859" lon="-0.300550"/>
      <trkpt lat="42.969494" lon="-0.300823"/>
      <trkpt lat="42.968965" lon="-0.301232"/>
      <trkpt lat="42.968705" lon="-0.301466"/>
      <trkpt lat="42.968650" lon="-0.301530"/>
      <trkpt lat="42.968561" lon="-0.301659"/>
      <trkpt lat="42.968397" lon="-0.301923"/>
      <trkpt lat="42.968350" lon="-0.301981"/>
      <trkpt lat="42.968316" lon="-0.302011"/>
      <trkpt lat="42.968279" lon="-0.302030"/>
      <trkpt lat="42.968191" lon="-0.302032"/>
      <trkpt lat="42.968035" lon="-0.301987"/>
      <trkpt lat="42.967967" lon="-0.301975"/>
      <trkpt lat="42.967894" lon="-0.301978"/>
      <trkpt lat="42.967835" lon="-0.301987"/>
      <trkpt lat="42.967753" lon="-0.302013"/>
      <trkpt lat="42.967685" lon="-0.302050"/>
      <trkpt lat="42.967618" lon="-0.302097"/>
      <trkpt lat="42.967546" lon="-0.302164"/>
      <trkpt lat="42.967191" lon="-0.302530"/>
      <trkpt lat="42.967097" lon="-0.302621"/>
      <trkpt lat="42.967023" lon="-0.302676"/>
      <trkpt lat="42.966900" lon="-0.302736"/>
      <trkpt lat="42.966833" lon="-0.302758"/>
      <trkpt lat="42.966768" lon="-0.302760"/>
      <trkpt lat="42.966691" lon="-0.302753"/>
      <trkpt lat="42.966624" lon="-0.302740"/>
      <trkpt lat="42.966567" lon="-0.302720"/>
      <trkpt lat="42.966510" lon="-0.302682"/>
      <trkpt lat="42.966457" lon="-0.302626"/>
      <trkpt lat="42.966396" lon="-0.302518"/>
      <trkpt lat="42.966154" lon="-0.302034"/>
      <trkpt lat="42.966102" lon="-0.301948"/>
      <trkpt lat="42.966051" lon="-0.301895"/>
      <trkpt lat="42.966011" lon="-0.301867"/>
      <trkpt lat="42.965958" lon="-0.301849"/>
      <trkpt lat="42.965889" lon="-0.301859"/>
      <trkpt lat="42.965816" lon="-0.301892"/>
      <trkpt lat="42.965294" lon="-0.302221"/>
      <trkpt lat="42.965226" lon="-0.302271"/>
      <trkpt lat="42.964968" lon="-0.302486"/>
      <trkpt lat="42.964807" lon="-0.302599"/>
      <trkpt lat="42.964743" lon="-0.302660"/>
      <trkpt lat="42.964631" lon="-0.302784"/>
      <trkpt lat="42.964570" lon="-0.302840"/>
      <trkpt lat="42.964516" lon="-0.302878"/>
      <trkpt lat="42.964427" lon="-0.302923"/>
      <trkpt lat="42.964394" lon="-0.302951"/>
      <trkpt lat="42.964359" lon="-0.302997"/>
      <trkpt lat="42.964287" lon="-0.303131"/>
      <trkpt lat="42.964239" lon="-0.303189"/>
      <trkpt lat="42.964194" lon="-0.303225"/>
      <trkpt lat="42.964145" lon="-0.303253"/>
      <trkpt lat="42.964105" lon="-0.303262"/>
      <trkpt lat="42.964060" lon="-0.303270"/>
      <trkpt lat="42.963865" lon="-0.303297"/>
      <trkpt lat="42.963801" lon="-0.303307"/>
      <trkpt lat="42.963758" lon="-0.303296"/>
      <trkpt lat="42.963726" lon="-0.303265"/>
      <trkpt lat="42.963671" lon="-0.303160"/>
      <trkpt lat="42.963608" lon="-0.302987"/>
      <trkpt lat="42.963534" lon="-0.302729"/>
      <trkpt lat="42.963386" lon="-0.302071"/>
      <trkpt lat="42.963260" lon="-0.301602"/>
      <trkpt lat="42.963004" lon="-0.300906"/>
      <trkpt lat="42.962917" lon="-0.300580"/>
      <trkpt lat="42.962884" lon="-0.300501"/>
      <trkpt lat="42.962838" lon="-0.300444"/>
      <trkpt lat="42.962787" lon="-0.300359"/>
      <trkpt lat="42.962739" lon="-0.300189"/>
      <trkpt lat="42.962600" lon="-0.299552"/>
      <trkpt lat="42.962572" lon="-0.299459"/>
      <trkpt lat="42.962531" lon="-0.299388"/>
      <trkpt lat="42.962472" lon="-0.299318"/>
      <trkpt lat="42.962409" lon="-0.299215"/>
      <trkpt lat="42.962356" lon="-0.299090"/>
      <trkpt lat="42.962290" lon="-0.298964"/>
      <trkpt lat="42.962165" lon="-0.298809"/>
      <trkpt lat="42.962059" lon="-0.298641"/>
      <trkpt lat="42.961809" lon="-0.298146"/>
      <trkpt lat="42.961736" lon="-0.298016"/>
      <trkpt lat="42.961667" lon="-0.297936"/>
      <trkpt lat="42.961596" lon="-0.297890"/>
      <trkpt lat="42.961452" lon="-0.297824"/>
      <trkpt lat="42.961287" lon="-0.297705"/>
      <trkpt lat="42.960961" lon="-0.297407"/>
      <trkpt lat="42.960893" lon="-0.297304"/>
      <trkpt lat="42.960794" lon="-0.297092"/>
      <trkpt lat="42.960625" lon="-0.296664"/>
      <trkpt lat="42.960440" lon="-0.296234"/>
      <trkpt lat="42.960323" lon="-0.296045"/>
      <trkpt lat="42.960223" lon="-0.295912"/>
      <trkpt lat="42.960098" lon="-0.295794"/>
      <trkpt lat="42.959866" lon="-0.295616"/>
      <trkpt lat="42.959693" lon="-0.295445"/>
      <trkpt lat="42.959546" lon="-0.295252"/>
      <trkpt lat="42.959488" lon="-0.295146"/>
      <trkpt lat="42.959437" lon="-0.295008"/>
      <trkpt lat="42.959393" lon="-0.294808"/>
      <trkpt lat="42.959365" lon="-0.294659"/>
      <trkpt lat="42.959347" lon="-0.294568"/>
      <trkpt lat="42.959328" lon="-0.294496"/>
      <trkpt lat="42.959286" lon="-0.294407"/>
      <trkpt lat="42.959216" lon="-0.294298"/>
      <trkpt lat="42.959086" lon="-0.294132"/>
      <trkpt lat="42.958891" lon="-0.293903"/>
      <trkpt lat="42.958805" lon="-0.293783"/>
      <trkpt lat="42.958758" lon="-0.293702"/>
      <trkpt lat="42.958693" lon="-0.293556"/>
      <trkpt lat="42.958614" lon="-0.293395"/>
      <trkpt lat="42.958575" lon="-0.293326"/>
      <trkpt lat="42.958538" lon="-0.293272"/>
      <trkpt lat="42.958485" lon="-0.293210"/>
      <trkpt lat="42.958351" lon="-0.293086"/>
      <trkpt lat="42.958317" lon="-0.293033"/>
      <trkpt lat="42.958286" lon="-0.292968"/>
      <trkpt lat="42.958260" lon="-0.292889"/>
      <trkpt lat="42.958249" lon="-0.292809"/>
      <trkpt lat="42.958251" lon="-0.292725"/>
      <trkpt lat="42.958296" lon="-0.292528"/>
      <trkpt lat="42.958306" lon="-0.292449"/>
      <trkpt lat="42.958307" lon="-0.292374"/>
      <trkpt lat="42.958298" lon="-0.292294"/>
      <trkpt lat="42.958277" lon="-0.292203"/>
      <trkpt lat="42.958209" lon="-0.292008"/>
      <trkpt lat="42.958177" lon="-0.291947"/>
      <trkpt lat="42.958120" lon="-0.291867"/>
      <trkpt lat="42.958064" lon="-0.291783"/>
      <trkpt lat="42.958044" lon="-0.291729"/>
      <trkpt lat="42.958031" lon="-0.291656"/>
      <trkpt lat="42.958030" lon="-0.291571"/>
      <trkpt lat="42.958056" lon="-0.291362"/>
      <trkpt lat="42.958054" lon="-0.291286"/>
      <trkpt lat="42.958041" lon="-0.291217"/>
      <trkpt lat="42.957992" lon="-0.291114"/>
      <trkpt lat="42.957957" lon="-0.291075"/>
      <trkpt lat="42.957918" lon="-0.291051"/>
      <trkpt lat="42.957727" lon="-0.291012"/>
      <trkpt lat="42.957683" lon="-0.290988"/>
      <trkpt lat="42.957635" lon="-0.290936"/>
      <trkpt lat="42.957491" lon="-0.290719"/>
      <trkpt lat="42.957439" lon="-0.290654"/>
      <trkpt lat="42.957394" lon="-0.290614"/>
      <trkpt lat="42.957364" lon="-0.290597"/>
      <trkpt lat="42.957301" lon="-0.290593"/>
      <trkpt lat="42.957240" lon="-0.290604"/>
      <trkpt lat="42.957153" lon="-0.290632"/>
      <trkpt lat="42.957043" lon="-0.290668"/>
      <trkpt lat="42.956948" lon="-0.290684"/>
      <trkpt lat="42.956827" lon="-0.290695"/>
      <trkpt lat="42.956593" lon="-0.290709"/>
      <trkpt lat="42.956345" lon="-0.290735"/>
      <trkpt lat="42.956208" lon="-0.290741"/>
      <trkpt lat="42.956133" lon="-0.290730"/>
      <trkpt lat="42.956036" lon="-0.290709"/>
      <trkpt lat="42.955948" lon="-0.290667"/>
      <trkpt lat="42.955855" lon="-0.290601"/>
      <trkpt lat="42.955716" lon="-0.290449"/>
      <trkpt lat="42.955446" lon="-0.290181"/>
      <trkpt lat="42.955218" lon="-0.289932"/>
      <trkpt lat="42.955066" lon="-0.289773"/>
      <trkpt lat="42.955038" lon="-0.289737"/>
      <trkpt lat="42.955012" lon="-0.289693"/>
      <trkpt lat="42.954990" lon="-0.289644"/>
      <trkpt lat="42.954977" lon="-0.289585"/>
      <trkpt lat="42.954968" lon="-0.289513"/>
      <trkpt lat="42.954963" lon="-0.289451"/>
      <trkpt lat="42.954954" lon="-0.289386"/>
      <trkpt lat="42.954940" lon="-0.289325"/>
      <trkpt lat="42.954917" lon="-0.289264"/>
      <trkpt lat="42.954885" lon="-0.289208"/>
      <trkpt lat="42.954816" lon="-0.289122"/>
      <trkpt lat="42.954702" lon="-0.289001"/>
      <trkpt lat="42.954603" lon="-0.288900"/>
      <trkpt lat="42.954540" lon="-0.288826"/>
      <trkpt lat="42.954428" lon="-0.288652"/>
      <trkpt lat="42.954390" lon="-0.288577"/>
      <trkpt lat="42.954367" lon="-0.288522"/>
      <trkpt lat="42.954350" lon="-0.288470"/>
      <trkpt lat="42.954336" lon="-0.288410"/>
      <trkpt lat="42.954331" lon="-0.288323"/>
      <trkpt lat="42.954322" lon="-0.288207"/>
      <trkpt lat="42.954304" lon="-0.288090"/>
      <trkpt lat="42.954275" lon="-0.287945"/>
      <trkpt lat="42.954234" lon="-0.287815"/>
      <trkpt lat="42.954147" lon="-0.287559"/>
      <trkpt lat="42.954097" lon="-0.287422"/>
      <trkpt lat="42.954007" lon="-0.287200"/>
      <trkpt lat="42.953921" lon="-0.286980"/>
      <trkpt lat="42.953900" lon="-0.286897"/>
      <trkpt lat="42.953895" lon="-0.286840"/>
      <trkpt lat="42.953897" lon="-0.286774"/>
      <trkpt lat="42.953908" lon="-0.286713"/>
      <trkpt lat="42.953946" lon="-0.286627"/>
      <trkpt lat="42.954022" lon="-0.286494"/>
      <trkpt lat="42.954077" lon="-0.286394"/>
      <trkpt lat="42.954117" lon="-0.286302"/>
      <trkpt lat="42.954221" lon="-0.285982"/>
      <trkpt lat="42.954260" lon="-0.285890"/>
      <trkpt lat="42.954322" lon="-0.285778"/>
      <trkpt lat="42.954457" lon="-0.285557"/>
      <trkpt lat="42.954505" lon="-0.285453"/>
      <trkpt lat="42.954608" lon="-0.285157"/>
      <trkpt lat="42.954655" lon="-0.285064"/>
      <trkpt lat="42.954890" lon="-0.284657"/>
      <trkpt lat="42.954929" lon="-0.284572"/>
      <trkpt lat="42.954963" lon="-0.284475"/>
      <trkpt lat="42.955044" lon="-0.284065"/>
      <trkpt lat="42.955053" lon="-0.283987"/>
      <trkpt lat="42.955054" lon="-0.283896"/>
      <trkpt lat="42.955042" lon="-0.283815"/>
      <trkpt lat="42.955018" lon="-0.283742"/>
      <trkpt lat="42.954976" lon="-0.283650"/>
      <trkpt lat="42.954926" lon="-0.283548"/>
      <trkpt lat="42.954907" lon="-0.283493"/>
      <trkpt lat="42.954898" lon="-0.283443"/>
      <trkpt lat="42.954895" lon="-0.283378"/>
      <trkpt lat="42.954900" lon="-0.283337"/>
      <trkpt lat="42.954919" lon="-0.283252"/>
      <trkpt lat="42.954952" lon="-0.283103"/>
      <trkpt lat="42.954960" lon="-0.282993"/>
      <trkpt lat="42.954964" lon="-0.282669"/>
      <trkpt lat="42.955004" lon="-0.282103"/>
      <trkpt lat="42.955013" lon="-0.281934"/>
      <trkpt lat="42.955012" lon="-0.281737"/>
      <trkpt lat="42.955003" lon="-0.281637"/>
      <trkpt lat="42.954982" lon="-0.281539"/>
      <trkpt lat="42.954907" lon="-0.281334"/>
      <trkpt lat="42.954876" lon="-0.281228"/>
      <trkpt lat="42.954868" lon="-0.281153"/>
      <trkpt lat="42.954870" lon="-0.281089"/>
      <trkpt lat="42.954881" lon="-0.281027"/>
      <trkpt lat="42.954904" lon="-0.280962"/>
      <trkpt lat="42.955145" lon="-0.280501"/>
      <trkpt lat="42.955173" lon="-0.280418"/>
      <trkpt lat="42.955189" lon="-0.280334"/>
      <trkpt lat="42.955221" lon="-0.280078"/>
      <trkpt lat="42.955286" lon="-0.279801"/>
      <trkpt lat="42.955313" lon="-0.279661"/>
      <trkpt lat="42.955332" lon="-0.279524"/>
      <trkpt lat="42.955347" lon="-0.279376"/>
      <trkpt lat="42.955359" lon="-0.279196"/>
      <trkpt lat="42.955370" lon="-0.278852"/>
      <trkpt lat="42.955393" lon="-0.278519"/>
      <trkpt lat="42.955419" lon="-0.278214"/>
      <trkpt lat="42.955420" lon="-0.278114"/>
      <trkpt lat="42.955415" lon="-0.278039"/>
      <trkpt lat="42.955396" lon="-0.277920"/>
      <trkpt lat="42.955355" lon="-0.277740"/>
      <trkpt lat="42.955323" lon="-0.277565"/>
      <trkpt lat="42.955315" lon="-0.277481"/>
      <trkpt lat="42.955318" lon="-0.277417"/>
      <trkpt lat="42.955329" lon="-0.277348"/>
      <trkpt lat="42.955354" lon="-0.277280"/>
      <trkpt lat="42.955392" lon="-0.277210"/>
      <trkpt lat="42.955437" lon="-0.277157"/>
      <trkpt lat="42.955598" lon="-0.277004"/>
      <trkpt lat="42.955746" lon="-0.276845"/>
      <trkpt lat="42.955941" lon="-0.276639"/>
      <trkpt lat="42.956145" lon="-0.276470"/>
      <trkpt lat="42.956388" lon="-0.276299"/>
      <trkpt lat="42.956484" lon="-0.276256"/>
      <trkpt lat="42.956533" lon="-0.276249"/>
      <trkpt lat="42.956588" lon="-0.276253"/>
      <trkpt lat="42.956880" lon="-0.276345"/>
      <trkpt lat="42.957179" lon="-0.276369"/>
      <trkpt lat="42.957239" lon="-0.276382"/>
      <trkpt lat="42.957289" lon="-0.276400"/>
      <trkpt lat="42.957362" lon="-0.276441"/>
      <trkpt lat="42.957603" lon="-0.276626"/>
      <trkpt lat="42.957690" lon="-0.276650"/>
      <trkpt lat="42.957732" lon="-0.276640"/>
      <trkpt lat="42.957774" lon="-0.276618"/>
      <trkpt lat="42.957816" lon="-0.276577"/>
      <trkpt lat="42.957851" lon="-0.276515"/>
      <trkpt lat="42.957883" lon="-0.276422"/>
      <trkpt lat="42.958097" lon="-0.275671"/>
      <trkpt lat="42.958138" lon="-0.275511"/>
      <trkpt lat="42.958161" lon="-0.275395"/>
      <trkpt lat="42.958192" lon="-0.275138"/>
      <trkpt lat="42.958208" lon="-0.275049"/>
      <trkpt lat="42.958237" lon="-0.274943"/>
      <trkpt lat="42.958269" lon="-0.274861"/>
      <trkpt lat="42.958331" lon="-0.274753"/>
      <trkpt lat="42.958396" lon="-0.274619"/>
      <trkpt lat="42.958428" lon="-0.274530"/>
      <trkpt lat="42.958440" lon="-0.274464"/>
      <trkpt lat="42.958443" lon="-0.274377"/>
      <trkpt lat="42.958433" lon="-0.274292"/>
      <trkpt lat="42.958412" lon="-0.274209"/>
      <trkpt lat="42.958258" lon="-0.273873"/>
      <trkpt lat="42.958206" lon="-0.273745"/>
      <trkpt lat="42.958150" lon="-0.273570"/>
      <trkpt lat="42.958112" lon="-0.273425"/>
      <trkpt lat="42.958097" lon="-0.273335"/>
      <trkpt lat="42.958060" lon="-0.273017"/>
      <trkpt lat="42.958048" lon="-0.272852"/>
      <trkpt lat="42.958051" lon="-0.272793"/>
      <trkpt lat="42.958061" lon="-0.272729"/>
      <trkpt lat="42.958153" lon="-0.272403"/>
      <trkpt lat="42.958317" lon="-0.271887"/>
      <trkpt lat="42.958338" lon="-0.271796"/>
      <trkpt lat="42.958351" lon="-0.271706"/>
      <trkpt lat="42.958355" lon="-0.271625"/>
      <trkpt lat="42.958351" lon="-0.271504"/>
      <trkpt lat="42.958332" lon="-0.271271"/>
      <trkpt lat="42.958278" lon="-0.270811"/>
      <trkpt lat="42.958276" lon="-0.270723"/>
      <trkpt lat="42.958286" lon="-0.270646"/>
      <trkpt lat="42.958307" lon="-0.270574"/>
      <trkpt lat="42.958337" lon="-0.270497"/>
      <trkpt lat="42.958376" lon="-0.270425"/>
      <trkpt lat="42.958547" lon="-0.270178"/>
      <trkpt lat="42.958588" lon="-0.270098"/>
      <trkpt lat="42.958623" lon="-0.270015"/>
      <trkpt lat="42.958712" lon="-0.269728"/>
      <trkpt lat="42.958799" lon="-0.269394"/>
      <trkpt lat="42.958821" lon="-0.269331"/>
      <trkpt lat="42.958849" lon="-0.269273"/>
      <trkpt lat="42.958879" lon="-0.269231"/>
      <trkpt lat="42.958996" lon="-0.269107"/>
      <trkpt lat="42.959078" lon="-0.268999"/>
      <trkpt lat="42.959149" lon="-0.268890"/>
      <trkpt lat="42.959242" lon="-0.268712"/>
      <trkpt lat="42.959340" lon="-0.268497"/>
      <trkpt lat="42.959360" lon="-0.268421"/>
      <trkpt lat="42.959378" lon="-0.268326"/>
      <trkpt lat="42.959420" lon="-0.267754"/>
      <trkpt lat="42.959443" lon="-0.267614"/>
      <trkpt lat="42.959527" lon="-0.267209"/>
      <trkpt lat="42.959871" lon="-0.265409"/>
      <trkpt lat="42.959893" lon="-0.265244"/>
      <trkpt lat="42.959914" lon="-0.265023"/>
      <trkpt lat="42.959931" lon="-0.264941"/>
      <trkpt lat="42.959969" lon="-0.264839"/>
      <trkpt lat="42.960017" lon="-0.264735"/>
      <trkpt lat="42.960147" lon="-0.264491"/>
      <trkpt lat="42.960232" lon="-0.264300"/>
      <trkpt lat="42.960328" lon="-0.264035"/>
      <trkpt lat="42.960392" lon="-0.263825"/>
      <trkpt lat="42.960426" lon="-0.263689"/>
      <trkpt lat="42.960457" lon="-0.263512"/>
      <trkpt lat="42.960513" lon="-0.263134"/>
      <trkpt lat="42.960569" lon="-0.262706"/>
      <trkpt lat="42.960608" lon="-0.262176"/>
      <trkpt lat="42.960625" lon="-0.262008"/>
      <trkpt lat="42.960684" lon="-0.261816"/>
      <trkpt lat="42.960755" lon="-0.261833"/>
      <trkpt lat="42.960804" lon="-0.261837"/>
      <trkpt lat="42.960850" lon="-0.261835"/>
      <trkpt lat="42.960984" lon="-0.261790"/>
      <trkpt lat="42.961048" lon="-0.261770"/>
      <trkpt lat="42.961346" lon="-0.261643"/>
      <trkpt lat="42.961509" lon="-0.261573"/>
      <trkpt lat="42.961587" lon="-0.261564"/>
      <trkpt lat="42.961656" lon="-0.261565"/>
      <trkpt lat="42.961726" lon="-0.261584"/>
      <trkpt lat="42.961783" lon="-0.261611"/>
      <trkpt lat="42.961840" lon="-0.261655"/>
      <trkpt lat="42.961887" lon="-0.261703"/>
      <trkpt lat="42.961942" lon="-0.261796"/>
      <trkpt lat="42.961949" lon="-0.261816"/>
      <trkpt lat="42.961978" lon="-0.261896"/>
      <trkpt lat="42.961992" lon="-0.261983"/>
      <trkpt lat="42.961996" lon="-0.262099"/>
      <trkpt lat="42.961985" lon="-0.262221"/>
      <trkpt lat="42.961954" lon="-0.262331"/>
      <trkpt lat="42.961907" lon="-0.262443"/>
      <trkpt lat="42.961847" lon="-0.262560"/>
      <trkpt lat="42.961641" lon="-0.262922"/>
      <trkpt lat="42.961578" lon="-0.263062"/>
      <trkpt lat="42.961542" lon="-0.263162"/>
      <trkpt lat="42.961515" lon="-0.263274"/>
      <trkpt lat="42.961506" lon="-0.263390"/>
      <trkpt lat="42.961509" lon="-0.263515"/>
      <trkpt lat="42.961526" lon="-0.263646"/>
      <trkpt lat="42.961560" lon="-0.263758"/>
      <trkpt lat="42.961601" lon="-0.263865"/>
      <trkpt lat="42.961645" lon="-0.263944"/>
      <trkpt lat="42.961712" lon="-0.264025"/>
      <trkpt lat="42.961880" lon="-0.264143"/>
      <trkpt lat="42.961972" lon="-0.264187"/>
      <trkpt lat="42.962058" lon="-0.264208"/>
      <trkpt lat="42.962135" lon="-0.264208"/>
      <trkpt lat="42.962215" lon="-0.264186"/>
      <trkpt lat="42.962309" lon="-0.264145"/>
      <trkpt lat="42.962388" lon="-0.264085"/>
      <trkpt lat="42.962482" lon="-0.263978"/>
      <trkpt lat="42.962700" lon="-0.263697"/>
      <trkpt lat="42.962765" lon="-0.263634"/>
      <trkpt lat="42.962832" lon="-0.263602"/>
      <trkpt lat="42.962904" lon="-0.263591"/>
      <trkpt lat="42.962969" lon="-0.263600"/>
      <trkpt lat="42.963041" lon="-0.263624"/>
      <trkpt lat="42.963106" lon="-0.263663"/>
      <trkpt lat="42.963168" lon="-0.263724"/>
      <trkpt lat="42.963221" lon="-0.263802"/>
      <trkpt lat="42.963249" lon="-0.263895"/>
      <trkpt lat="42.963262" lon="-0.263984"/>
      <trkpt lat="42.963262" lon="-0.264089"/>
      <trkpt lat="42.963239" lon="-0.264211"/>
      <trkpt lat="42.963201" lon="-0.264337"/>
      <trkpt lat="42.963145" lon="-0.264467"/>
      <trkpt lat="42.962903" lon="-0.264988"/>
      <trkpt lat="42.962871" lon="-0.265076"/>
      <trkpt lat="42.962834" lon="-0.265269"/>
      <trkpt lat="42.962829" lon="-0.265472"/>
      <trkpt lat="42.962835" lon="-0.265637"/>
      <trkpt lat="42.962893" lon="-0.266325"/>
      <trkpt lat="42.962917" lon="-0.266425"/>
      <trkpt lat="42.962956" lon="-0.266530"/>
      <trkpt lat="42.962991" lon="-0.266597"/>
      <trkpt lat="42.963046" lon="-0.266669"/>
      <trkpt lat="42.963098" lon="-0.266722"/>
      <trkpt lat="42.963181" lon="-0.266770"/>
      <trkpt lat="42.963252" lon="-0.266794"/>
      <trkpt lat="42.963367" lon="-0.266817"/>
      <trkpt lat="42.963692" lon="-0.266846"/>
      <trkpt lat="42.963763" lon="-0.266841"/>
      <trkpt lat="42.963836" lon="-0.266814"/>
      <trkpt lat="42.964061" lon="-0.266688"/>
      <trkpt lat="42.964118" lon="-0.266664"/>
      <trkpt lat="42.964255" lon="-0.266671"/>
      <trkpt lat="42.964322" lon="-0.266695"/>
      <trkpt lat="42.964395" lon="-0.266731"/>
      <trkpt lat="42.964735" lon="-0.266970"/>
      <trkpt lat="42.964812" lon="-0.267003"/>
      <trkpt lat="42.964947" lon="-0.267030"/>
      <trkpt lat="42.965017" lon="-0.267027"/>
      <trkpt lat="42.965084" lon="-0.267001"/>
      <trkpt lat="42.965147" lon="-0.266958"/>
      <trkpt lat="42.965337" lon="-0.266775"/>
      <trkpt lat="42.965398" lon="-0.266735"/>
      <trkpt lat="42.965545" lon="-0.266695"/>
      <trkpt lat="42.965758" lon="-0.266673"/>
      <trkpt lat="42.966145" lon="-0.266701"/>
      <trkpt lat="42.966421" lon="-0.266673"/>
      <trkpt lat="42.966476" lon="-0.266687"/>
      <trkpt lat="42.966537" lon="-0.266723"/>
      <trkpt lat="42.966601" lon="-0.266777"/>
      <trkpt lat="42.966776" lon="-0.266970"/>
      <trkpt lat="42.966833" lon="-0.267017"/>
      <trkpt lat="42.966891" lon="-0.267054"/>
      <trkpt lat="42.966993" lon="-0.267096"/>
      <trkpt lat="42.967079" lon="-0.267106"/>
      <trkpt lat="42.967144" lon="-0.267097"/>
      <trkpt lat="42.967220" lon="-0.267065"/>
      <trkpt lat="42.967413" lon="-0.266928"/>
      <trkpt lat="42.967489" lon="-0.266885"/>
      <trkpt lat="42.967555" lon="-0.266869"/>
      <trkpt lat="42.967623" lon="-0.266864"/>
      <trkpt lat="42.967918" lon="-0.266901"/>
      <trkpt lat="42.967981" lon="-0.266904"/>
      <trkpt lat="42.968135" lon="-0.266870"/>
      <trkpt lat="42.968253" lon="-0.266832"/>
      <trkpt lat="42.968321" lon="-0.266817"/>
      <trkpt lat="42.968453" lon="-0.266848"/>
      <trkpt lat="42.968838" lon="-0.266963"/>
      <trkpt lat="42.968933" lon="-0.267009"/>
      <trkpt lat="42.968999" lon="-0.267050"/>
      <trkpt lat="42.969115" lon="-0.267163"/>
      <trkpt lat="42.969272" lon="-0.267372"/>
      <trkpt lat="42.969389" lon="-0.267554"/>
      <trkpt lat="42.969475" lon="-0.267717"/>
      <trkpt lat="42.969551" lon="-0.267949"/>
      <trkpt lat="42.969591" lon="-0.268052"/>
      <trkpt lat="42.969718" lon="-0.268312"/>
      <trkpt lat="42.969751" lon="-0.268409"/>
      <trkpt lat="42.969772" lon="-0.268513"/>
      <trkpt lat="42.969790" lon="-0.268659"/>
      <trkpt lat="42.969833" lon="-0.269138"/>
      <trkpt lat="42.969864" lon="-0.269283"/>
      <trkpt lat="42.969893" lon="-0.269378"/>
      <trkpt lat="42.970052" lon="-0.269739"/>
      <trkpt lat="42.970098" lon="-0.269869"/>
      <trkpt lat="42.970221" lon="-0.270381"/>
      <trkpt lat="42.970289" lon="-0.270674"/>
      <trkpt lat="42.970299" lon="-0.270791"/>
      <trkpt lat="42.970294" lon="-0.270915"/>
      <trkpt lat="42.970260" lon="-0.271063"/>
      <trkpt lat="42.970190" lon="-0.271253"/>
      <trkpt lat="42.970150" lon="-0.271385"/>
      <trkpt lat="42.970127" lon="-0.271489"/>
      <trkpt lat="42.970100" lon="-0.271630"/>
      <trkpt lat="42.970087" lon="-0.271770"/>
      <trkpt lat="42.970091" lon="-0.271882"/>
      <trkpt lat="42.970111" lon="-0.272008"/>
      <trkpt lat="42.970149" lon="-0.272133"/>
      <trkpt lat="42.970241" lon="-0.272385"/>
      <trkpt lat="42.970313" lon="-0.272541"/>
      <trkpt lat="42.970372" lon="-0.272648"/>
      <trkpt lat="42.970484" lon="-0.272812"/>
      <trkpt lat="42.970554" lon="-0.272889"/>
      <trkpt lat="42.970602" lon="-0.272923"/>
      <trkpt lat="42.970665" lon="-0.272948"/>
      <trkpt lat="42.970749" lon="-0.272971"/>
      <trkpt lat="42.970975" lon="-0.272995"/>
      <trkpt lat="42.971228" lon="-0.273064"/>
      <trkpt lat="42.971304" lon="-0.273068"/>
      <trkpt lat="42.971359" lon="-0.273058"/>
      <trkpt lat="42.971416" lon="-0.273037"/>
      <trkpt lat="42.971510" lon="-0.272982"/>
      <trkpt lat="42.971569" lon="-0.272962"/>
      <trkpt lat="42.971618" lon="-0.272956"/>
      <trkpt lat="42.971670" lon="-0.272967"/>
      <trkpt lat="42.971808" lon="-0.273026"/>
      <trkpt lat="42.971918" lon="-0.273097"/>
      <trkpt lat="42.971980" lon="-0.273124"/>
      <trkpt lat="42.972044" lon="-0.273133"/>
      <trkpt lat="42.972216" lon="-0.273123"/>
      <trkpt lat="42.972282" lon="-0.273127"/>
      <trkpt lat="42.972364" lon="-0.273143"/>
      <trkpt lat="42.973169" lon="-0.273449"/>
      <trkpt lat="42.973255" lon="-0.273471"/>
      <trkpt lat="42.973326" lon="-0.273478"/>
      <trkpt lat="42.973392" lon="-0.273463"/>
      <trkpt lat="42.973615" lon="-0.273353"/>
      <trkpt lat="42.973674" lon="-0.273332"/>
      <trkpt lat="42.973719" lon="-0.273335"/>
      <trkpt lat="42.973778" lon="-0.273359"/>
      <trkpt lat="42.973835" lon="-0.273392"/>
      <trkpt lat="42.974105" lon="-0.273577"/>
      <trkpt lat="42.974225" lon="-0.273690"/>
      <trkpt lat="42.974339" lon="-0.273859"/>
      <trkpt lat="42.974407" lon="-0.273990"/>
      <trkpt lat="42.974473" lon="-0.274158"/>
      <trkpt lat="42.974494" lon="-0.274238"/>
      <trkpt lat="42.974500" lon="-0.274315"/>
      <trkpt lat="42.974498" lon="-0.274403"/>
      <trkpt lat="42.974479" lon="-0.274512"/>
      <trkpt lat="42.974393" lon="-0.274829"/>
      <trkpt lat="42.974373" lon="-0.274935"/>
      <trkpt lat="42.974368" lon="-0.275036"/>
      <trkpt lat="42.974380" lon="-0.275196"/>
      <trkpt lat="42.974454" lon="-0.275656"/>
      <trkpt lat="42.974491" lon="-0.275755"/>
      <trkpt lat="42.974530" lon="-0.275825"/>
      <trkpt lat="42.974581" lon="-0.275880"/>
      <trkpt lat="42.975122" lon="-0.276368"/>
      <trkpt lat="42.975176" lon="-0.276441"/>
      <trkpt lat="42.975215" lon="-0.276508"/>
      <trkpt lat="42.975258" lon="-0.276597"/>
      <trkpt lat="42.975278" lon="-0.276687"/>
      <trkpt lat="42.975283" lon="-0.276799"/>
      <trkpt lat="42.975268" lon="-0.276918"/>
      <trkpt lat="42.975166" lon="-0.277432"/>
      <trkpt lat="42.975153" lon="-0.277539"/>
      <trkpt lat="42.975150" lon="-0.277660"/>
      <trkpt lat="42.975173" lon="-0.278358"/>
      <trkpt lat="42.975228" lon="-0.278600"/>
      <trkpt lat="42.975308" lon="-0.278818"/>
      <trkpt lat="42.975338" lon="-0.278918"/>
      <trkpt lat="42.975363" lon="-0.279052"/>
      <trkpt lat="42.975443" lon="-0.279665"/>
      <trkpt lat="42.975473" lon="-0.279772"/>
      <trkpt lat="42.975502" lon="-0.279839"/>
      <trkpt lat="42.975548" lon="-0.279897"/>
      <trkpt lat="42.975607" lon="-0.279938"/>
      <trkpt lat="42.975695" lon="-0.279973"/>
      <trkpt lat="42.975918" lon="-0.280021"/>
      <trkpt lat="42.975995" lon="-0.280052"/>
      <trkpt lat="42.976056" lon="-0.280107"/>
      <trkpt lat="42.976099" lon="-0.280159"/>
      <trkpt lat="42.976143" lon="-0.280291"/>
      <trkpt lat="42.976167" lon="-0.280512"/>
      <trkpt lat="42.976181" lon="-0.280699"/>
      <trkpt lat="42.976206" lon="-0.280823"/>
      <trkpt lat="42.976237" lon="-0.280940"/>
      <trkpt lat="42.976364" lon="-0.281248"/>
      <trkpt lat="42.976389" lon="-0.281329"/>
      <trkpt lat="42.976400" lon="-0.281400"/>
      <trkpt lat="42.976405" lon="-0.281487"/>
      <trkpt lat="42.976383" lon="-0.281753"/>
      <trkpt lat="42.976388" lon="-0.281841"/>
      <trkpt lat="42.976397" lon="-0.281914"/>
      <trkpt lat="42.976461" lon="-0.282178"/>
      <trkpt lat="42.976467" lon="-0.282257"/>
      <trkpt lat="42.976466" lon="-0.282345"/>
      <trkpt lat="42.976458" lon="-0.282425"/>
      <trkpt lat="42.976438" lon="-0.282510"/>
      <trkpt lat="42.976412" lon="-0.282594"/>
      <trkpt lat="42.976375" lon="-0.282670"/>
      <trkpt lat="42.976249" lon="-0.282832"/>
      <trkpt lat="42.976096" lon="-0.283008"/>
      <trkpt lat="42.975931" lon="-0.283182"/>
      <trkpt lat="42.975870" lon="-0.283256"/>
      <trkpt lat="42.975827" lon="-0.283337"/>
      <trkpt lat="42.975802" lon="-0.283412"/>
      <trkpt lat="42.975789" lon="-0.283532"/>
      <trkpt lat="42.975790" lon="-0.283650"/>
      <trkpt lat="42.975802" lon="-0.283746"/>
      <trkpt lat="42.975824" lon="-0.283853"/>
      <trkpt lat="42.975962" lon="-0.284179"/>
      <trkpt lat="42.976002" lon="-0.284294"/>
      <trkpt lat="42.976024" lon="-0.284393"/>
      <trkpt lat="42.976037" lon="-0.284624"/>
      <trkpt lat="42.976032" lon="-0.284836"/>
      <trkpt lat="42.975992" lon="-0.285535"/>
      <trkpt lat="42.976002" lon="-0.285616"/>
      <trkpt lat="42.976019" lon="-0.285679"/>
      <trkpt lat="42.976055" lon="-0.285732"/>
      <trkpt lat="42.976093" lon="-0.285759"/>
      <trkpt lat="42.976145" lon="-0.285775"/>
      <trkpt lat="42.976215" lon="-0.285776"/>
      <trkpt lat="42.976435" lon="-0.285756"/>
      <trkpt lat="42.976484" lon="-0.285762"/>
      <trkpt lat="42.976544" lon="-0.285808"/>
      <trkpt lat="42.976584" lon="-0.285867"/>
      <trkpt lat="42.976669" lon="-0.286037"/>
      <trkpt lat="42.976701" lon="-0.286078"/>
      <trkpt lat="42.976754" lon="-0.286113"/>
      <trkpt lat="42.976805" lon="-0.286119"/>
      <trkpt lat="42.976857" lon="-0.286110"/>
      <trkpt lat="42.976907" lon="-0.286077"/>
      <trkpt lat="42.976948" lon="-0.286035"/>
      <trkpt lat="42.977009" lon="-0.285950"/>
      <trkpt lat="42.977137" lon="-0.285749"/>
      <trkpt lat="42.977222" lon="-0.285647"/>
      <trkpt lat="42.977269" lon="-0.285606"/>
      <trkpt lat="42.977324" lon="-0.285574"/>
      <trkpt lat="42.977453" lon="-0.285544"/>
      <trkpt lat="42.977553" lon="-0.285501"/>
      <trkpt lat="42.977711" lon="-0.285368"/>
      <trkpt lat="42.977810" lon="-0.285276"/>
      <trkpt lat="42.977882" lon="-0.285193"/>
      <trkpt lat="42.978009" lon="-0.285031"/>
      <trkpt lat="42.978213" lon="-0.284799"/>
      <trkpt lat="42.978303" lon="-0.284709"/>
      <trkpt lat="42.978474" lon="-0.284564"/>
      <trkpt lat="42.978546" lon="-0.284493"/>
      <trkpt lat="42.978790" lon="-0.284206"/>
      <trkpt lat="42.978853" lon="-0.284148"/>
      <trkpt lat="42.978907" lon="-0.284108"/>
      <trkpt lat="42.978981" lon="-0.284069"/>
      <trkpt lat="42.979092" lon="-0.284051"/>
      <trkpt lat="42.979180" lon="-0.284069"/>
      <trkpt lat="42.979331" lon="-0.284115"/>
      <trkpt lat="42.979530" lon="-0.284143"/>
      <trkpt lat="42.979873" lon="-0.284152"/>
      <trkpt lat="42.979947" lon="-0.284137"/>
      <trkpt lat="42.980004" lon="-0.284110"/>
      <trkpt lat="42.980139" lon="-0.284006"/>
      <trkpt lat="42.980300" lon="-0.283856"/>
      <trkpt lat="42.980347" lon="-0.283787"/>
      <trkpt lat="42.980378" lon="-0.283732"/>
      <trkpt lat="42.980417" lon="-0.283640"/>
      <trkpt lat="42.980530" lon="-0.283314"/>
      <trkpt lat="42.980583" lon="-0.283210"/>
      <trkpt lat="42.980627" lon="-0.283158"/>
      <trkpt lat="42.980699" lon="-0.283107"/>
      <trkpt lat="42.980769" lon="-0.283075"/>
      <trkpt lat="42.981208" lon="-0.282919"/>
      <trkpt lat="42.981419" lon="-0.282831"/>
      <trkpt lat="42.981466" lon="-0.282789"/>
      <trkpt lat="42.981519" lon="-0.282729"/>
      <trkpt lat="42.981552" lon="-0.282657"/>
      <trkpt lat="42.981584" lon="-0.282559"/>
      <trkpt lat="42.981610" lon="-0.282468"/>
      <trkpt lat="42.981689" lon="-0.282022"/>
      <trkpt lat="42.981723" lon="-0.281895"/>
      <trkpt lat="42.981792" lon="-0.281746"/>
      <trkpt lat="42.981880" lon="-0.281631"/>
      <trkpt lat="42.982443" lon="-0.280974"/>
      <trkpt lat="42.982503" lon="-0.280888"/>
      <trkpt lat="42.982611" lon="-0.280662"/>
      <trkpt lat="42.982884" lon="-0.279933"/>
      <trkpt lat="42.982999" lon="-0.279547"/>
      <trkpt lat="42.983139" lon="-0.279020"/>
      <trkpt lat="42.983195" lon="-0.278902"/>
      <trkpt lat="42.983240" lon="-0.278826"/>
      <trkpt lat="42.983307" lon="-0.278757"/>
      <trkpt lat="42.983358" lon="-0.278715"/>
      <trkpt lat="42.983414" lon="-0.278684"/>
      <trkpt lat="42.983498" lon="-0.278661"/>
      <trkpt lat="42.983566" lon="-0.278656"/>
      <trkpt lat="42.983645" lon="-0.278667"/>
      <trkpt lat="42.983723" lon="-0.278691"/>
      <trkpt lat="42.984115" lon="-0.278849"/>
      <trkpt lat="42.984231" lon="-0.278875"/>
      <trkpt lat="42.984334" lon="-0.278879"/>
      <trkpt lat="42.984646" lon="-0.278834"/>
      <trkpt lat="42.984753" lon="-0.278798"/>
      <trkpt lat="42.984978" lon="-0.278713"/>
      <trkpt lat="42.985122" lon="-0.278640"/>
      <trkpt lat="42.985177" lon="-0.278592"/>
      <trkpt lat="42.985224" lon="-0.278539"/>
      <trkpt lat="42.985267" lon="-0.278470"/>
      <trkpt lat="42.985466" lon="-0.278028"/>
      <trkpt lat="42.985578" lon="-0.277776"/>
      <trkpt lat="42.985666" lon="-0.277611"/>
      <trkpt lat="42.986005" lon="-0.277082"/>
      <trkpt lat="42.986068" lon="-0.277011"/>
      <trkpt lat="42.986140" lon="-0.276941"/>
      <trkpt lat="42.986213" lon="-0.276890"/>
      <trkpt lat="42.986701" lon="-0.276716"/>
      <trkpt lat="42.986836" lon="-0.276663"/>
      <trkpt lat="42.986899" lon="-0.276657"/>
      <trkpt lat="42.986953" lon="-0.276659"/>
      <trkpt lat="42.987011" lon="-0.276675"/>
      <trkpt lat="42.987322" lon="-0.276843"/>
      <trkpt lat="42.987413" lon="-0.276872"/>
      <trkpt lat="42.987491" lon="-0.276875"/>
      <trkpt lat="42.987546" lon="-0.276859"/>
      <trkpt lat="42.987604" lon="-0.276820"/>
      <trkpt lat="42.987795" lon="-0.276619"/>
      <trkpt lat="42.987845" lon="-0.276576"/>
      <trkpt lat="42.987915" lon="-0.276547"/>
      <trkpt lat="42.987980" lon="-0.276538"/>
      <trkpt lat="42.988057" lon="-0.276552"/>
      <trkpt lat="42.988428" lon="-0.276713"/>
      <trkpt lat="42.988542" lon="-0.276734"/>
      <trkpt lat="42.988619" lon="-0.276730"/>
      <trkpt lat="42.988705" lon="-0.276711"/>
      <trkpt lat="42.988849" lon="-0.276635"/>
      <trkpt lat="42.988889" lon="-0.276593"/>
      <trkpt lat="42.989072" lon="-0.276332"/>
      <trkpt lat="42.989168" lon="-0.276214"/>
      <trkpt lat="42.989249" lon="-0.276140"/>
      <trkpt lat="42.989328" lon="-0.276108"/>
      <trkpt lat="42.989400" lon="-0.276100"/>
      <trkpt lat="42.989468" lon="-0.276109"/>
      <trkpt lat="42.989532" lon="-0.276140"/>
      <trkpt lat="42.989582" lon="-0.276188"/>
      <trkpt lat="42.989654" lon="-0.276274"/>
      <trkpt lat="42.989818" lon="-0.276504"/>
      <trkpt lat="42.989944" lon="-0.276627"/>
      <trkpt lat="42.990537" lon="-0.277111"/>
      <trkpt lat="42.990661" lon="-0.277140"/>
      <trkpt lat="42.990791" lon="-0.277080"/>
      <trkpt lat="42.990872" lon="-0.277002"/>
      <trkpt lat="42.990930" lon="-0.276905"/>
      <trkpt lat="42.990966" lon="-0.276760"/>
      <trkpt lat="42.991008" lon="-0.276498"/>
      <trkpt lat="42.991047" lon="-0.276321"/>
      <trkpt lat="42.991094" lon="-0.276212"/>
      <trkpt lat="42.991179" lon="-0.276138"/>
      <trkpt lat="42.991278" lon="-0.276098"/>
      <trkpt lat="42.991471" lon="-0.276164"/>
      <trkpt lat="42.992073" lon="-0.276449"/>
      <trkpt lat="42.992127" lon="-0.276493"/>
      <trkpt lat="42.992203" lon="-0.276621"/>
      <trkpt lat="42.992295" lon="-0.276955"/>
      <trkpt lat="42.992327" lon="-0.277177"/>
      <trkpt lat="42.992327" lon="-0.277296"/>
      <trkpt lat="42.992309" lon="-0.277523"/>
      <trkpt lat="42.992308" lon="-0.277664"/>
      <trkpt lat="42.992323" lon="-0.277791"/>
      <trkpt lat="42.992349" lon="-0.277886"/>
      <trkpt lat="42.992478" lon="-0.278231"/>
      <trkpt lat="42.992517" lon="-0.278332"/>
      <trkpt lat="42.992555" lon="-0.278397"/>
      <trkpt lat="42.992610" lon="-0.278454"/>
      <trkpt lat="42.992762" lon="-0.278558"/>
      <trkpt lat="42.992826" lon="-0.278612"/>
      <trkpt lat="42.992898" lon="-0.278714"/>
      <trkpt lat="42.993043" lon="-0.279180"/>
      <trkpt lat="42.993126" lon="-0.279349"/>
      <trkpt lat="42.993202" lon="-0.279445"/>
      <trkpt lat="42.993319" lon="-0.279561"/>
      <trkpt lat="42.993408" lon="-0.279691"/>
      <trkpt lat="42.993435" lon="-0.279774"/>
      <trkpt lat="42.993495" lon="-0.280008"/>
      <trkpt lat="42.993549" lon="-0.280113"/>
      <trkpt lat="42.993590" lon="-0.280173"/>
      <trkpt lat="42.993654" lon="-0.280227"/>
      <trkpt lat="42.993732" lon="-0.280275"/>
      <trkpt lat="42.993830" lon="-0.280319"/>
      <trkpt lat="42.993895" lon="-0.280362"/>
      <trkpt lat="42.993938" lon="-0.280410"/>
      <trkpt lat="42.993973" lon="-0.280468"/>
      <trkpt lat="42.993993" lon="-0.280536"/>
      <trkpt lat="42.994005" lon="-0.280617"/>
      <trkpt lat="42.994009" lon="-0.280697"/>
      <trkpt lat="42.993988" lon="-0.280980"/>
      <trkpt lat="42.993985" lon="-0.281100"/>
      <trkpt lat="42.993993" lon="-0.281191"/>
      <trkpt lat="42.994017" lon="-0.281302"/>
      <trkpt lat="42.994061" lon="-0.281401"/>
      <trkpt lat="42.994114" lon="-0.281498"/>
      <trkpt lat="42.994345" lon="-0.281859"/>
      <trkpt lat="42.994456" lon="-0.282012"/>
      <trkpt lat="42.994624" lon="-0.282163"/>
      <trkpt lat="42.994889" lon="-0.282331"/>
      <trkpt lat="42.994965" lon="-0.282348"/>
      <trkpt lat="42.995042" lon="-0.282348"/>
      <trkpt lat="42.995126" lon="-0.282319"/>
      <trkpt lat="42.995749" lon="-0.282017"/>
      <trkpt lat="42.995823" lon="-0.281963"/>
      <trkpt lat="42.995900" lon="-0.281892"/>
      <trkpt lat="42.996125" lon="-0.281647"/>
      <trkpt lat="42.996182" lon="-0.281597"/>
      <trkpt lat="42.996312" lon="-0.281542"/>
      <trkpt lat="42.996463" lon="-0.281431"/>
      <trkpt lat="42.996534" lon="-0.281341"/>
      <trkpt lat="42.996611" lon="-0.281222"/>
      <trkpt lat="42.996815" lon="-0.280868"/>
      <trkpt lat="42.996935" lon="-0.280689"/>
      <trkpt lat="42.997010" lon="-0.280602"/>
      <trkpt lat="42.997078" lon="-0.280548"/>
      <trkpt lat="42.997155" lon="-0.280524"/>
      <trkpt lat="42.997588" lon="-0.280438"/>
      <trkpt lat="42.997691" lon="-0.280446"/>
      <trkpt lat="42.997774" lon="-0.280467"/>
      <trkpt lat="42.997858" lon="-0.280501"/>
      <trkpt lat="42.997960" lon="-0.280556"/>
      <trkpt lat="42.998285" lon="-0.280775"/>
      <trkpt lat="42.998374" lon="-0.280846"/>
      <trkpt lat="42.998460" lon="-0.280937"/>
      <trkpt lat="42.998638" lon="-0.281145"/>
      <trkpt lat="42.999046" lon="-0.281526"/>
      <trkpt lat="42.999151" lon="-0.281631"/>
      <trkpt lat="42.999199" lon="-0.281715"/>
      <trkpt lat="42.999234" lon="-0.281810"/>
      <trkpt lat="42.999258" lon="-0.281932"/>
      <trkpt lat="42.999273" lon="-0.282065"/>
      <trkpt lat="42.999275" lon="-0.282153"/>
      <trkpt lat="42.999269" lon="-0.282224"/>
      <trkpt lat="42.999260" lon="-0.282264"/>
      <trkpt lat="42.999237" lon="-0.282297"/>
      <trkpt lat="42.999211" lon="-0.282315"/>
      <trkpt lat="42.999186" lon="-0.282321"/>
      <trkpt lat="42.999159" lon="-0.282318"/>
      <trkpt lat="42.999134" lon="-0.282302"/>
      <trkpt lat="42.999111" lon="-0.282278"/>
      <trkpt lat="42.999098" lon="-0.282235"/>
      <trkpt lat="42.999095" lon="-0.282179"/>
      <trkpt lat="42.999151" lon="-0.281980"/>
      <trkpt lat="42.999157" lon="-0.281929"/>
      <trkpt lat="42.999154" lon="-0.281864"/>
      <trkpt lat="42.999142" lon="-0.281805"/>
      <trkpt lat="42.999118" lon="-0.281746"/>
      <trkpt lat="42.999089" lon="-0.281700"/>
      <trkpt lat="42.999041" lon="-0.281650"/>
      <trkpt lat="42.998938" lon="-0.281560"/>
      <trkpt lat="42.998886" lon="-0.281532"/>
      <trkpt lat="42.998504" lon="-0.281424"/>
      <trkpt lat="42.998406" lon="-0.281403"/>
      <trkpt lat="42.998262" lon="-0.281408"/>
      <trkpt lat="42.998171" lon="-0.281451"/>
      <trkpt lat="42.997990" lon="-0.281572"/>
      <trkpt lat="42.997900" lon="-0.281613"/>
      <trkpt lat="42.997824" lon="-0.281635"/>
      <trkpt lat="42.997558" lon="-0.281651"/>
      <trkpt lat="42.997484" lon="-0.281668"/>
      <trkpt lat="42.997415" lon="-0.281695"/>
      <trkpt lat="42.997319" lon="-0.281788"/>
      <trkpt lat="42.997257" lon="-0.281881"/>
      <trkpt lat="42.997139" lon="-0.282111"/>
      <trkpt lat="42.997085" lon="-0.282195"/>
      <trkpt lat="42.997039" lon="-0.282256"/>
      <trkpt lat="42.996965" lon="-0.282328"/>
      <trkpt lat="42.996700" lon="-0.282547"/>
      <trkpt lat="42.996574" lon="-0.282666"/>
      <trkpt lat="42.996501" lon="-0.282746"/>
      <trkpt lat="42.996427" lon="-0.282843"/>
      <trkpt lat="42.996051" lon="-0.283609"/>
      <trkpt lat="42.996014" lon="-0.283720"/>
      <trkpt lat="42.995985" lon="-0.283842"/>
      <trkpt lat="42.995970" lon="-0.283974"/>
      <trkpt lat="42.995960" lon="-0.284298"/>
      <trkpt lat="42.995948" lon="-0.284434"/>
      <trkpt lat="42.995928" lon="-0.284530"/>
      <trkpt lat="42.995903" lon="-0.284605"/>
      <trkpt lat="42.995858" lon="-0.284698"/>
      <trkpt lat="42.995695" lon="-0.284943"/>
      <trkpt lat="42.995663" lon="-0.285013"/>
      <trkpt lat="42.995628" lon="-0.285140"/>
      <trkpt lat="42.995573" lon="-0.285505"/>
      <trkpt lat="42.995560" lon="-0.285647"/>
      <trkpt lat="42.995558" lon="-0.285775"/>
      <trkpt lat="42.995569" lon="-0.285918"/>
      <trkpt lat="42.995614" lon="-0.286206"/>
      <trkpt lat="42.995612" lon="-0.286268"/>
      <trkpt lat="42.995600" lon="-0.286329"/>
      <trkpt lat="42.995580" lon="-0.286392"/>
      <trkpt lat="42.995555" lon="-0.286434"/>
      <trkpt lat="42.995519" lon="-0.286461"/>
      <trkpt lat="42.995464" lon="-0.286486"/>
      <trkpt lat="42.995370" lon="-0.286513"/>
      <trkpt lat="42.994932" lon="-0.286574"/>
      <trkpt lat="42.994852" lon="-0.286575"/>
      <trkpt lat="42.994773" lon="-0.286562"/>
      <trkpt lat="42.994394" lon="-0.286448"/>
      <trkpt lat="42.994332" lon="-0.286437"/>
      <trkpt lat="42.994259" lon="-0.286449"/>
      <trkpt lat="42.994220" lon="-0.286470"/>
      <trkpt lat="42.994189" lon="-0.286504"/>
      <trkpt lat="42.994162" lon="-0.286550"/>
      <trkpt lat="42.994136" lon="-0.286616"/>
      <trkpt lat="42.994106" lon="-0.286730"/>
      <trkpt lat="42.994087" lon="-0.286779"/>
      <trkpt lat="42.994057" lon="-0.286831"/>
      <trkpt lat="42.994000" lon="-0.286869"/>
      <trkpt lat="42.993953" lon="-0.286886"/>
      <trkpt lat="42.993907" lon="-0.286892"/>
      <trkpt lat="42.993634" lon="-0.286837"/>
      <trkpt lat="42.993591" lon="-0.286841"/>
      <trkpt lat="42.993557" lon="-0.286854"/>
      <trkpt lat="42.993529" lon="-0.286877"/>
      <trkpt lat="42.993489" lon="-0.286929"/>
      <trkpt lat="42.993466" lon="-0.286975"/>
      <trkpt lat="42.993452" lon="-0.287035"/>
      <trkpt lat="42.993450" lon="-0.287087"/>
      <trkpt lat="42.993460" lon="-0.287148"/>
      <trkpt lat="42.993480" lon="-0.287200"/>
      <trkpt lat="42.993515" lon="-0.287251"/>
      <trkpt lat="42.993546" lon="-0.287281"/>
      <trkpt lat="42.993608" lon="-0.287310"/>
      <trkpt lat="42.993685" lon="-0.287330"/>
      <trkpt lat="42.994026" lon="-0.287377"/>
      <trkpt lat="42.994119" lon="-0.287369"/>
      <trkpt lat="42.994192" lon="-0.287355"/>
      <trkpt lat="42.994425" lon="-0.287267"/>
      <trkpt lat="42.994567" lon="-0.287222"/>
      <trkpt lat="42.994809" lon="-0.287149"/>
      <trkpt lat="42.994931" lon="-0.287124"/>
      <trkpt lat="42.995009" lon="-0.287122"/>
      <trkpt lat="42.995471" lon="-0.287157"/>
      <trkpt lat="42.996071" lon="-0.287177"/>
      <trkpt lat="42.996114" lon="-0.287172"/>
      <trkpt lat="42.996169" lon="-0.287147"/>
      <trkpt lat="42.996273" lon="-0.287056"/>
      <trkpt lat="42.996331" lon="-0.286975"/>
      <trkpt lat="42.996458" lon="-0.286753"/>
      <trkpt lat="42.996659" lon="-0.286360"/>
      <trkpt lat="42.996779" lon="-0.286207"/>
      <trkpt lat="42.997057" lon="-0.285887"/>
      <trkpt lat="42.997248" lon="-0.285675"/>
      <trkpt lat="42.997285" lon="-0.285647"/>
      <trkpt lat="42.997319" lon="-0.285631"/>
      <trkpt lat="42.997354" lon="-0.285633"/>
      <trkpt lat="42.997380" lon="-0.285645"/>
      <trkpt lat="42.997402" lon="-0.285667"/>
      <trkpt lat="42.997418" lon="-0.285705"/>
      <trkpt lat="42.997420" lon="-0.285749"/>
      <trkpt lat="42.997413" lon="-0.285786"/>
      <trkpt lat="42.997391" lon="-0.285840"/>
      <trkpt lat="42.997314" lon="-0.285958"/>
      <trkpt lat="42.997296" lon="-0.285998"/>
      <trkpt lat="42.997293" lon="-0.286057"/>
      <trkpt lat="42.997296" lon="-0.286107"/>
      <trkpt lat="42.997314" lon="-0.286153"/>
      <trkpt lat="42.997339" lon="-0.286194"/>
      <trkpt lat="42.997257" lon="-0.286269"/>
      <trkpt lat="42.997208" lon="-0.286330"/>
      <trkpt lat="42.997151" lon="-0.286415"/>
      <trkpt lat="42.997121" lon="-0.286475"/>
      <trkpt lat="42.997077" lon="-0.286613"/>
      <trkpt lat="42.997047" lon="-0.286724"/>
      <trkpt lat="42.997019" lon="-0.286787"/>
      <trkpt lat="42.996866" lon="-0.286883"/>
      <trkpt lat="42.996798" lon="-0.286971"/>
      <trkpt lat="42.996712" lon="-0.287105"/>
      <trkpt lat="42.996591" lon="-0.287261"/>
      <trkpt lat="42.996401" lon="-0.287459"/>
      <trkpt lat="42.996302" lon="-0.287532"/>
      <trkpt lat="42.996229" lon="-0.287564"/>
      <trkpt lat="42.996142" lon="-0.287566"/>
      <trkpt lat="42.995987" lon="-0.287549"/>
      <trkpt lat="42.995834" lon="-0.287552"/>
      <trkpt lat="42.995713" lon="-0.287605"/>
      <trkpt lat="42.995678" lon="-0.287630"/>
      <trkpt lat="42.995653" lon="-0.287648"/>
      <trkpt lat="42.995611" lon="-0.287712"/>
      <trkpt lat="42.995566" lon="-0.287814"/>
      <trkpt lat="42.995528" lon="-0.287970"/>
      <trkpt lat="42.995490" lon="-0.288047"/>
      <trkpt lat="42.995453" lon="-0.288120"/>
      <trkpt lat="42.995367" lon="-0.288230"/>
      <trkpt lat="42.995367" lon="-0.288230"/>
      <trkpt lat="42.995204" lon="-0.288369"/>
      <trkpt lat="42.995043" lon="-0.288434"/>
      <trkpt lat="42.994900" lon="-0.288469"/>
      <trkpt lat="42.994801" lon="-0.288520"/>
      <trkpt lat="42.994644" lon="-0.288674"/>
      <trkpt lat="42.994496" lon="-0.288769"/>
      <trkpt lat="42.994404" lon="-0.288824"/>
      <trkpt lat="42.994355" lon="-0.288851"/>
      <trkpt lat="42.994264" lon="-0.288891"/>
      <trkpt lat="42.994160" lon="-0.288905"/>
      <trkpt lat="42.994060" lon="-0.288926"/>
      <trkpt lat="42.993992" lon="-0.288966"/>
      <trkpt lat="42.993825" lon="-0.289089"/>
      <trkpt lat="42.993737" lon="-0.289128"/>
      <trkpt lat="42.993626" lon="-0.289154"/>
      <trkpt lat="42.993546" lon="-0.289147"/>
      <trkpt lat="42.993449" lon="-0.289126"/>
      <trkpt lat="42.993371" lon="-0.289109"/>
      <trkpt lat="42.993287" lon="-0.289116"/>
      <trkpt lat="42.993179" lon="-0.289161"/>
      <trkpt lat="42.993043" lon="-0.289253"/>
      <trkpt lat="42.992943" lon="-0.289352"/>
      <trkpt lat="42.992920" lon="-0.289389"/>
      <trkpt lat="42.992901" lon="-0.289418"/>
      <trkpt lat="42.992893" lon="-0.289485"/>
      <trkpt lat="42.992893" lon="-0.289551"/>
      <trkpt lat="42.992910" lon="-0.289636"/>
      <trkpt lat="42.992915" lon="-0.289709"/>
      <trkpt lat="42.992919" lon="-0.289827"/>
      <trkpt lat="42.992915" lon="-0.289884"/>
      <trkpt lat="42.992911" lon="-0.289956"/>
      <trkpt lat="42.992950" lon="-0.289987"/>
      <trkpt lat="42.992992" lon="-0.290009"/>
      <trkpt lat="42.993025" lon="-0.290048"/>
      <trkpt lat="42.993096" lon="-0.290276"/>
      <trkpt lat="42.993025" lon="-0.290048"/>
      <trkpt lat="42.992992" lon="-0.290009"/>
      <trkpt lat="42.992950" lon="-0.289987"/>
      <trkpt lat="42.992911" lon="-0.289956"/>
      <trkpt lat="42.992915" lon="-0.289884"/>
      <trkpt lat="42.992919" lon="-0.289827"/>
      <trkpt lat="42.992915" lon="-0.289709"/>
      <trkpt lat="42.992910" lon="-0.289636"/>
      <trkpt lat="42.992893" lon="-0.289551"/>
      <trkpt lat="42.992893" lon="-0.289485"/>
      <trkpt lat="42.992901" lon="-0.289418"/>
      <trkpt lat="42.992920" lon="-0.289389"/>
      <trkpt lat="42.992943" lon="-0.289352"/>
      <trkpt lat="42.993043" lon="-0.289253"/>
      <trkpt lat="42.993179" lon="-0.289161"/>
      <trkpt lat="42.993287" lon="-0.289116"/>
      <trkpt lat="42.993371" lon="-0.289109"/>
      <trkpt lat="42.993449" lon="-0.289126"/>
      <trkpt lat="42.993546" lon="-0.289147"/>
      <trkpt lat="42.993626" lon="-0.289154"/>
      <trkpt lat="42.993737" lon="-0.289128"/>
      <trkpt lat="42.993825" lon="-0.289089"/>
      <trkpt lat="42.993992" lon="-0.288966"/>
      <trkpt lat="42.994060" lon="-0.288926"/>
      <trkpt lat="42.994160" lon="-0.288905"/>
      <trkpt lat="42.994264" lon="-0.288891"/>
      <trkpt lat="42.994355" lon="-0.288851"/>
      <trkpt lat="42.994404" lon="-0.288824"/>
      <trkpt lat="42.994496" lon="-0.288769"/>
      <trkpt lat="42.994644" lon="-0.288674"/>
      <trkpt lat="42.994801" lon="-0.288520"/>
      <trkpt lat="42.994900" lon="-0.288469"/>
      <trkpt lat="42.995043" lon="-0.288434"/>
      <trkpt lat="42.995204" lon="-0.288369"/>
      <trkpt lat="42.995367" lon="-0.288230"/>
      <trkpt lat="42.995453" lon="-0.288120"/>
      <trkpt lat="42.995490" lon="-0.288047"/>
      <trkpt lat="42.995528" lon="-0.287970"/>
      <trkpt lat="42.995566" lon="-0.287814"/>
      <trkpt lat="42.995611" lon="-0.287712"/>
      <trkpt lat="42.995653" lon="-0.287648"/>
      <trkpt lat="42.995678" lon="-0.287630"/>
      <trkpt lat="42.995713" lon="-0.287605"/>
      <trkpt lat="42.995834" lon="-0.287552"/>
      <trkpt lat="42.995987" lon="-0.287549"/>
      <trkpt lat="42.996142" lon="-0.287566"/>
      <trkpt lat="42.996229" lon="-0.287564"/>
      <trkpt lat="42.996302" lon="-0.287532"/>
      <trkpt lat="42.996401" lon="-0.287459"/>
      <trkpt lat="42.996591" lon="-0.287261"/>
      <trkpt lat="42.996712" lon="-0.287105"/>
      <trkpt lat="42.996798" lon="-0.286971"/>
      <trkpt lat="42.996866" lon="-0.286883"/>
      <trkpt lat="42.997019" lon="-0.286787"/>
      <trkpt lat="42.997047" lon="-0.286724"/>
      <trkpt lat="42.997077" lon="-0.286613"/>
      <trkpt lat="42.997121" lon="-0.286475"/>
      <trkpt lat="42.997151" lon="-0.286415"/>
      <trkpt lat="42.997208" lon="-0.286330"/>
      <trkpt lat="42.997257" lon="-0.286269"/>
      <trkpt lat="42.997339" lon="-0.286194"/>
      <trkpt lat="42.997401" lon="-0.286233"/>
      <trkpt lat="42.997557" lon="-0.286239"/>
      <trkpt lat="42.997589" lon="-0.286249"/>
      <trkpt lat="42.997705" lon="-0.286334"/>
      <trkpt lat="42.997752" lon="-0.286355"/>
      <trkpt lat="42.997811" lon="-0.286365"/>
      <trkpt lat="42.997911" lon="-0.286369"/>
      <trkpt lat="42.998007" lon="-0.286364"/>
      <trkpt lat="42.998041" lon="-0.286362"/>
      <trkpt lat="42.998451" lon="-0.286346"/>
      <trkpt lat="42.998498" lon="-0.286321"/>
      <trkpt lat="42.998811" lon="-0.286168"/>
      <trkpt lat="42.999076" lon="-0.286043"/>
      <trkpt lat="42.999154" lon="-0.285989"/>
      <trkpt lat="42.999200" lon="-0.285946"/>
      <trkpt lat="42.999246" lon="-0.285887"/>
      <trkpt lat="42.999313" lon="-0.285779"/>
      <trkpt lat="42.999426" lon="-0.285555"/>
      <trkpt lat="42.999471" lon="-0.285482"/>
      <trkpt lat="42.999522" lon="-0.285429"/>
      <trkpt lat="42.999577" lon="-0.285394"/>
      <trkpt lat="42.999644" lon="-0.285372"/>
      <trkpt lat="43.000179" lon="-0.285242"/>
      <trkpt lat="43.000269" lon="-0.285241"/>
      <trkpt lat="43.000352" lon="-0.285254"/>
      <trkpt lat="43.000483" lon="-0.285295"/>
      <trkpt lat="43.000995" lon="-0.285506"/>
      <trkpt lat="43.001090" lon="-0.285539"/>
      <trkpt lat="43.001185" lon="-0.285545"/>
      <trkpt lat="43.001756" lon="-0.285506"/>
      <trkpt lat="43.001941" lon="-0.285531"/>
      <trkpt lat="43.002520" lon="-0.285645"/>
      <trkpt lat="43.002611" lon="-0.285651"/>
      <trkpt lat="43.002708" lon="-0.285637"/>
      <trkpt lat="43.003082" lon="-0.285520"/>
      <trkpt lat="43.003479" lon="-0.285364"/>
      <trkpt lat="43.003569" lon="-0.285352"/>
      <trkpt lat="43.003701" lon="-0.285351"/>
      <trkpt lat="43.003942" lon="-0.285312"/>
      <trkpt lat="43.004089" lon="-0.285323"/>
      <trkpt lat="43.004136" lon="-0.285316"/>
      <trkpt lat="43.004185" lon="-0.285288"/>
      <trkpt lat="43.004224" lon="-0.285249"/>
      <trkpt lat="43.004248" lon="-0.285206"/>
      <trkpt lat="43.004275" lon="-0.285083"/>
      <trkpt lat="43.004272" lon="-0.285006"/>
      <trkpt lat="43.004252" lon="-0.284916"/>
      <trkpt lat="43.004207" lon="-0.284757"/>
      <trkpt lat="43.004122" lon="-0.284369"/>
      <trkpt lat="43.004013" lon="-0.283939"/>
      <trkpt lat="43.003990" lon="-0.283811"/>
      <trkpt lat="43.003980" lon="-0.283672"/>
      <trkpt lat="43.003964" lon="-0.283559"/>
      <trkpt lat="43.003895" lon="-0.283247"/>
      <trkpt lat="43.003882" lon="-0.283164"/>
      <trkpt lat="43.003880" lon="-0.283078"/>
      <trkpt lat="43.003886" lon="-0.282950"/>
      <trkpt lat="43.003903" lon="-0.282816"/>
      <trkpt lat="43.003935" lon="-0.282700"/>
      <trkpt lat="43.003996" lon="-0.282509"/>
      <trkpt lat="43.004014" lon="-0.282390"/>
      <trkpt lat="43.004020" lon="-0.282263"/>
      <trkpt lat="43.004008" lon="-0.282134"/>
      <trkpt lat="43.003980" lon="-0.282002"/>
      <trkpt lat="43.003944" lon="-0.281905"/>
      <trkpt lat="43.003847" lon="-0.281718"/>
      <trkpt lat="43.003829" lon="-0.281661"/>
      <trkpt lat="43.003823" lon="-0.281594"/>
      <trkpt lat="43.003838" lon="-0.281526"/>
      <trkpt lat="43.003857" lon="-0.281473"/>
      <trkpt lat="43.003893" lon="-0.281428"/>
      <trkpt lat="43.003956" lon="-0.281374"/>
      <trkpt lat="43.004216" lon="-0.281104"/>
      <trkpt lat="43.004342" lon="-0.280951"/>
      <trkpt lat="43.004384" lon="-0.280860"/>
      <trkpt lat="43.004420" lon="-0.280758"/>
      <trkpt lat="43.004442" lon="-0.280652"/>
      <trkpt lat="43.004503" lon="-0.280284"/>
      <trkpt lat="43.004507" lon="-0.280205"/>
      <trkpt lat="43.004490" lon="-0.280017"/>
      <trkpt lat="43.004489" lon="-0.279917"/>
      <trkpt lat="43.004494" lon="-0.279819"/>
      <trkpt lat="43.004543" lon="-0.279640"/>
      <trkpt lat="43.004627" lon="-0.279492"/>
      <trkpt lat="43.004646" lon="-0.279444"/>
      <trkpt lat="43.004660" lon="-0.279376"/>
      <trkpt lat="43.004663" lon="-0.279310"/>
      <trkpt lat="43.004660" lon="-0.279224"/>
      <trkpt lat="43.004568" lon="-0.278663"/>
      <trkpt lat="43.004548" lon="-0.278497"/>
      <trkpt lat="43.004538" lon="-0.278326"/>
      <trkpt lat="43.004539" lon="-0.278164"/>
      <trkpt lat="43.004543" lon="-0.277998"/>
      <trkpt lat="43.004565" lon="-0.277754"/>
      <trkpt lat="43.004560" lon="-0.277701"/>
      <trkpt lat="43.004541" lon="-0.277634"/>
      <trkpt lat="43.004516" lon="-0.277586"/>
      <trkpt lat="43.004485" lon="-0.277547"/>
      <trkpt lat="43.004416" lon="-0.277480"/>
      <trkpt lat="43.003822" lon="-0.276990"/>
      <trkpt lat="43.003805" lon="-0.276950"/>
      <trkpt lat="43.003792" lon="-0.276890"/>
      <trkpt lat="43.003797" lon="-0.276831"/>
      <trkpt lat="43.003815" lon="-0.276760"/>
      <trkpt lat="43.003863" lon="-0.276691"/>
      <trkpt lat="43.004069" lon="-0.276433"/>
      <trkpt lat="43.004364" lon="-0.276029"/>
      <trkpt lat="43.004536" lon="-0.275822"/>
      <trkpt lat="43.004578" lon="-0.275725"/>
      <trkpt lat="43.004623" lon="-0.275543"/>
      <trkpt lat="43.004644" lon="-0.275407"/>
      <trkpt lat="43.004662" lon="-0.275228"/>
      <trkpt lat="43.004665" lon="-0.275110"/>
      <trkpt lat="43.004661" lon="-0.274998"/>
      <trkpt lat="43.004642" lon="-0.274831"/>
      <trkpt lat="43.004644" lon="-0.274746"/>
      <trkpt lat="43.004652" lon="-0.274687"/>
      <trkpt lat="43.004673" lon="-0.274638"/>
      <trkpt lat="43.004729" lon="-0.274572"/>
      <trkpt lat="43.004794" lon="-0.274511"/>
      <trkpt lat="43.004966" lon="-0.274330"/>
      <trkpt lat="43.005034" lon="-0.274244"/>
      <trkpt lat="43.005118" lon="-0.274102"/>
      <trkpt lat="43.005276" lon="-0.273787"/>
      <trkpt lat="43.005366" lon="-0.273626"/>
      <trkpt lat="43.005653" lon="-0.273155"/>
      <trkpt lat="43.005930" lon="-0.272736"/>
      <trkpt lat="43.005997" lon="-0.272629"/>
      <trkpt lat="43.006023" lon="-0.272549"/>
      <trkpt lat="43.006035" lon="-0.272458"/>
      <trkpt lat="43.006029" lon="-0.272235"/>
      <trkpt lat="43.006012" lon="-0.272065"/>
      <trkpt lat="43.006009" lon="-0.271934"/>
      <trkpt lat="43.006017" lon="-0.271812"/>
      <trkpt lat="43.006037" lon="-0.271684"/>
      <trkpt lat="43.006101" lon="-0.271405"/>
      <trkpt lat="43.006224" lon="-0.271037"/>
      <trkpt lat="43.006240" lon="-0.270942"/>
      <trkpt lat="43.006232" lon="-0.270844"/>
      <trkpt lat="43.006214" lon="-0.270770"/>
      <trkpt lat="43.006116" lon="-0.270572"/>
      <trkpt lat="43.006069" lon="-0.270463"/>
      <trkpt lat="43.006058" lon="-0.270383"/>
      <trkpt lat="43.006066" lon="-0.270302"/>
      <trkpt lat="43.006100" lon="-0.270219"/>
      <trkpt lat="43.006143" lon="-0.270149"/>
      <trkpt lat="43.006452" lon="-0.269881"/>
      <trkpt lat="43.006516" lon="-0.269834"/>
      <trkpt lat="43.006827" lon="-0.269639"/>
      <trkpt lat="43.006890" lon="-0.269578"/>
      <trkpt lat="43.006935" lon="-0.269514"/>
      <trkpt lat="43.006984" lon="-0.269413"/>
      <trkpt lat="43.007022" lon="-0.269276"/>
      <trkpt lat="43.007043" lon="-0.269133"/>
      <trkpt lat="43.007091" lon="-0.268727"/>
      <trkpt lat="43.007171" lon="-0.268275"/>
      <trkpt lat="43.007202" lon="-0.268033"/>
      <trkpt lat="43.007222" lon="-0.267922"/>
      <trkpt lat="43.007255" lon="-0.267845"/>
      <trkpt lat="43.007488" lon="-0.267540"/>
      <trkpt lat="43.007732" lon="-0.267235"/>
      <trkpt lat="43.007812" lon="-0.267105"/>
      <trkpt lat="43.007912" lon="-0.266837"/>
      <trkpt lat="43.008045" lon="-0.266557"/>
      <trkpt lat="43.008216" lon="-0.266268"/>
      <trkpt lat="43.008313" lon="-0.266125"/>
      <trkpt lat="43.008428" lon="-0.265987"/>
      <trkpt lat="43.008699" lon="-0.265708"/>
      <trkpt lat="43.008810" lon="-0.265576"/>
      <trkpt lat="43.008859" lon="-0.265480"/>
      <trkpt lat="43.008884" lon="-0.265389"/>
      <trkpt lat="43.008911" lon="-0.265245"/>
      <trkpt lat="43.008915" lon="-0.265153"/>
      <trkpt lat="43.008905" lon="-0.265072"/>
      <trkpt lat="43.008891" lon="-0.265017"/>
      <trkpt lat="43.008861" lon="-0.264959"/>
      <trkpt lat="43.008811" lon="-0.264896"/>
      <trkpt lat="43.008648" lon="-0.264758"/>
      <trkpt lat="43.008370" lon="-0.264450"/>
      <trkpt lat="43.007969" lon="-0.263941"/>
      <trkpt lat="43.007896" lon="-0.263811"/>
      <trkpt lat="43.007861" lon="-0.263707"/>
      <trkpt lat="43.007826" lon="-0.263579"/>
      <trkpt lat="43.007786" lon="-0.263412"/>
      <trkpt lat="43.007780" lon="-0.263315"/>
      <trkpt lat="43.007786" lon="-0.263111"/>
      <trkpt lat="43.007802" lon="-0.262975"/>
      <trkpt lat="43.007821" lon="-0.262914"/>
      <trkpt lat="43.007845" lon="-0.262877"/>
      <trkpt lat="43.007864" lon="-0.262863"/>
      <trkpt lat="43.007894" lon="-0.262863"/>
      <trkpt lat="43.007931" lon="-0.262885"/>
      <trkpt lat="43.007981" lon="-0.262941"/>
      <trkpt lat="43.008267" lon="-0.263351"/>
      <trkpt lat="43.008339" lon="-0.263468"/>
      <trkpt lat="43.008388" lon="-0.263565"/>
      <trkpt lat="43.008475" lon="-0.263724"/>
      <trkpt lat="43.008510" lon="-0.263771"/>
      <trkpt lat="43.008682" lon="-0.263974"/>
      <trkpt lat="43.008775" lon="-0.264066"/>
      <trkpt lat="43.008841" lon="-0.264111"/>
      <trkpt lat="43.009004" lon="-0.264186"/>
      <trkpt lat="43.009068" lon="-0.264202"/>
      <trkpt lat="43.009241" lon="-0.264219"/>
      <trkpt lat="43.009461" lon="-0.264268"/>
      <trkpt lat="43.009654" lon="-0.264317"/>
      <trkpt lat="43.009816" lon="-0.264367"/>
      <trkpt lat="43.009916" lon="-0.264398"/>
      <trkpt lat="43.010027" lon="-0.264406"/>
      <trkpt lat="43.010111" lon="-0.264408"/>
      <trkpt lat="43.010186" lon="-0.264404"/>
      <trkpt lat="43.010254" lon="-0.264397"/>
      <trkpt lat="43.010343" lon="-0.264351"/>
      <trkpt lat="43.010409" lon="-0.264292"/>
      <trkpt lat="43.010498" lon="-0.264184"/>
      <trkpt lat="43.010617" lon="-0.264063"/>
      <trkpt lat="43.010670" lon="-0.263994"/>
      <trkpt lat="43.010720" lon="-0.263899"/>
      <trkpt lat="43.011109" lon="-0.262849"/>
      <trkpt lat="43.011301" lon="-0.262343"/>
      <trkpt lat="43.011371" lon="-0.262205"/>
      <trkpt lat="43.011445" lon="-0.262083"/>
      <trkpt lat="43.011594" lon="-0.261871"/>
      <trkpt lat="43.011888" lon="-0.261490"/>
      <trkpt lat="43.012215" lon="-0.260988"/>
      <trkpt lat="43.012472" lon="-0.260603"/>
      <trkpt lat="43.012621" lon="-0.260408"/>
      <trkpt lat="43.013124" lon="-0.259796"/>
      <trkpt lat="43.013183" lon="-0.259740"/>
      <trkpt lat="43.013401" lon="-0.259594"/>
      <trkpt lat="43.013512" lon="-0.259502"/>
      <trkpt lat="43.013612" lon="-0.259392"/>
      <trkpt lat="43.013898" lon="-0.259051"/>
      <trkpt lat="43.014006" lon="-0.258947"/>
      <trkpt lat="43.014087" lon="-0.258879"/>
      <trkpt lat="43.014207" lon="-0.258793"/>
      <trkpt lat="43.014488" lon="-0.258668"/>
      <trkpt lat="43.014790" lon="-0.258499"/>
      <trkpt lat="43.014889" lon="-0.258462"/>
      <trkpt lat="43.014990" lon="-0.258435"/>
      <trkpt lat="43.015519" lon="-0.258360"/>
      <trkpt lat="43.015598" lon="-0.258363"/>
      <trkpt lat="43.015961" lon="-0.258432"/>
      <trkpt lat="43.016088" lon="-0.258463"/>
      <trkpt lat="43.016199" lon="-0.258499"/>
      <trkpt lat="43.016340" lon="-0.258560"/>
      <trkpt lat="43.016448" lon="-0.258618"/>
      <trkpt lat="43.016653" lon="-0.258757"/>
      <trkpt lat="43.016800" lon="-0.258850"/>
      <trkpt lat="43.016900" lon="-0.258898"/>
      <trkpt lat="43.017043" lon="-0.258946"/>
      <trkpt lat="43.017227" lon="-0.258987"/>
      <trkpt lat="43.017311" lon="-0.259000"/>
      <trkpt lat="43.017401" lon="-0.258990"/>
      <trkpt lat="43.017496" lon="-0.258963"/>
      <trkpt lat="43.017613" lon="-0.258919"/>
      <trkpt lat="43.017712" lon="-0.258873"/>
      <trkpt lat="43.017837" lon="-0.258799"/>
      <trkpt lat="43.017946" lon="-0.258717"/>
      <trkpt lat="43.018001" lon="-0.258686"/>
      <trkpt lat="43.018067" lon="-0.258665"/>
      <trkpt lat="43.018124" lon="-0.258659"/>
      <trkpt lat="43.018197" lon="-0.258669"/>
      <trkpt lat="43.018296" lon="-0.258699"/>
      <trkpt lat="43.018417" lon="-0.258747"/>
      <trkpt lat="43.018591" lon="-0.258822"/>
      <trkpt lat="43.018774" lon="-0.258917"/>
      <trkpt lat="43.018858" lon="-0.258951"/>
      <trkpt lat="43.018927" lon="-0.258968"/>
      <trkpt lat="43.018986" lon="-0.258965"/>
      <trkpt lat="43.019052" lon="-0.258942"/>
      <trkpt lat="43.019131" lon="-0.258894"/>
      <trkpt lat="43.019230" lon="-0.258812"/>
      <trkpt lat="43.019825" lon="-0.258231"/>
      <trkpt lat="43.019889" lon="-0.258155"/>
      <trkpt lat="43.019945" lon="-0.258075"/>
      <trkpt lat="43.019987" lon="-0.258000"/>
      <trkpt lat="43.020074" lon="-0.257758"/>
      <trkpt lat="43.020129" lon="-0.257653"/>
      <trkpt lat="43.020235" lon="-0.257518"/>
      <trkpt lat="43.020284" lon="-0.257475"/>
      <trkpt lat="43.020370" lon="-0.257412"/>
      <trkpt lat="43.020470" lon="-0.257353"/>
      <trkpt lat="43.020705" lon="-0.257263"/>
      <trkpt lat="43.020806" lon="-0.257203"/>
      <trkpt lat="43.020893" lon="-0.257137"/>
      <trkpt lat="43.021352" lon="-0.256682"/>
      <trkpt lat="43.021423" lon="-0.256637"/>
      <trkpt lat="43.021744" lon="-0.256520"/>
      <trkpt lat="43.021908" lon="-0.256451"/>
      <trkpt lat="43.022026" lon="-0.256394"/>
      <trkpt lat="43.022215" lon="-0.256282"/>
      <trkpt lat="43.022297" lon="-0.256214"/>
      <trkpt lat="43.022465" lon="-0.256022"/>
      <trkpt lat="43.022542" lon="-0.255949"/>
      <trkpt lat="43.022667" lon="-0.255857"/>
      <trkpt lat="43.022743" lon="-0.255814"/>
      <trkpt lat="43.022809" lon="-0.255787"/>
      <trkpt lat="43.022903" lon="-0.255767"/>
      <trkpt lat="43.022989" lon="-0.255764"/>
      <trkpt lat="43.023092" lon="-0.255772"/>
      <trkpt lat="43.023286" lon="-0.255802"/>
      <trkpt lat="43.023419" lon="-0.255832"/>
      <trkpt lat="43.023531" lon="-0.255867"/>
      <trkpt lat="43.023701" lon="-0.255924"/>
      <trkpt lat="43.023810" lon="-0.255967"/>
      <trkpt lat="43.023958" lon="-0.256035"/>
      <trkpt lat="43.024357" lon="-0.256253"/>
      <trkpt lat="43.024415" lon="-0.256264"/>
      <trkpt lat="43.024463" lon="-0.256262"/>
      <trkpt lat="43.024509" lon="-0.256244"/>
      <trkpt lat="43.024672" lon="-0.256142"/>
      <trkpt lat="43.024754" lon="-0.256119"/>
      <trkpt lat="43.024859" lon="-0.256100"/>
      <trkpt lat="43.024989" lon="-0.256090"/>
      <trkpt lat="43.025216" lon="-0.256109"/>
      <trkpt lat="43.025298" lon="-0.256105"/>
      <trkpt lat="43.025526" lon="-0.256043"/>
      <trkpt lat="43.025743" lon="-0.256018"/>
      <trkpt lat="43.025795" lon="-0.255997"/>
      <trkpt lat="43.025879" lon="-0.255935"/>
      <trkpt lat="43.025941" lon="-0.255848"/>
      <trkpt lat="43.026087" lon="-0.255568"/>
      <trkpt lat="43.026152" lon="-0.255464"/>
      <trkpt lat="43.026209" lon="-0.255387"/>
      <trkpt lat="43.026270" lon="-0.255320"/>
      <trkpt lat="43.026363" lon="-0.255228"/>
      <trkpt lat="43.026419" lon="-0.255189"/>
      <trkpt lat="43.026485" lon="-0.255171"/>
      <trkpt lat="43.026543" lon="-0.255173"/>
      <trkpt lat="43.026594" lon="-0.255185"/>
      <trkpt lat="43.026645" lon="-0.255213"/>
      <trkpt lat="43.026805" lon="-0.255328"/>
      <trkpt lat="43.026868" lon="-0.255390"/>
      <trkpt lat="43.026962" lon="-0.255495"/>
      <trkpt lat="43.027030" lon="-0.255580"/>
      <trkpt lat="43.027090" lon="-0.255660"/>
      <trkpt lat="43.027221" lon="-0.255863"/>
      <trkpt lat="43.027293" lon="-0.255956"/>
      <trkpt lat="43.027382" lon="-0.256060"/>
      <trkpt lat="43.027501" lon="-0.256182"/>
      <trkpt lat="43.027589" lon="-0.256247"/>
      <trkpt lat="43.027669" lon="-0.256292"/>
      <trkpt lat="43.027735" lon="-0.256323"/>
      <trkpt lat="43.027823" lon="-0.256343"/>
      <trkpt lat="43.027914" lon="-0.256353"/>
      <trkpt lat="43.028018" lon="-0.256344"/>
      <trkpt lat="43.028105" lon="-0.256330"/>
      <trkpt lat="43.028248" lon="-0.256282"/>
      <trkpt lat="43.028724" lon="-0.256097"/>
      <trkpt lat="43.029032" lon="-0.255992"/>
      <trkpt lat="43.029334" lon="-0.255893"/>
      <trkpt lat="43.029434" lon="-0.255860"/>
      <trkpt lat="43.029497" lon="-0.255848"/>
      <trkpt lat="43.029565" lon="-0.255853"/>
      <trkpt lat="43.029628" lon="-0.255870"/>
      <trkpt lat="43.029695" lon="-0.255902"/>
      <trkpt lat="43.029757" lon="-0.255942"/>
      <trkpt lat="43.029808" lon="-0.255985"/>
      <trkpt lat="43.029857" lon="-0.256036"/>
      <trkpt lat="43.029913" lon="-0.256110"/>
      <trkpt lat="43.029974" lon="-0.256204"/>
      <trkpt lat="43.030026" lon="-0.256293"/>
      <trkpt lat="43.030077" lon="-0.256390"/>
      <trkpt lat="43.030116" lon="-0.256502"/>
      <trkpt lat="43.030195" lon="-0.256799"/>
      <trkpt lat="43.030311" lon="-0.257083"/>
      <trkpt lat="43.030360" lon="-0.257178"/>
      <trkpt lat="43.030458" lon="-0.257298"/>
      <trkpt lat="43.030741" lon="-0.257468"/>
      <trkpt lat="43.030796" lon="-0.257510"/>
      <trkpt lat="43.030856" lon="-0.257578"/>
      <trkpt lat="43.030980" lon="-0.257790"/>
      <trkpt lat="43.031191" lon="-0.258057"/>
      <trkpt lat="43.031374" lon="-0.258146"/>
      <trkpt lat="43.031863" lon="-0.258250"/>
      <trkpt lat="43.032318" lon="-0.258638"/>
      <trkpt lat="43.033097" lon="-0.259582"/>
      <trkpt lat="43.033176" lon="-0.259702"/>
      <trkpt lat="43.033212" lon="-0.259723"/>
      <trkpt lat="43.033299" lon="-0.259741"/>
      <trkpt lat="43.033750" lon="-0.259790"/>
      <trkpt lat="43.034012" lon="-0.259805"/>
      <trkpt lat="43.034031" lon="-0.259802"/>
      <trkpt lat="43.034052" lon="-0.259800"/>
      <trkpt lat="43.034274" lon="-0.259726"/>
      <trkpt lat="43.034431" lon="-0.259675"/>
      <trkpt lat="43.034652" lon="-0.259612"/>
      <trkpt lat="43.034762" lon="-0.259582"/>
      <trkpt lat="43.034856" lon="-0.259571"/>
      <trkpt lat="43.034981" lon="-0.259577"/>
      <trkpt lat="43.035094" lon="-0.259615"/>
      <trkpt lat="43.035298" lon="-0.259701"/>
      <trkpt lat="43.035401" lon="-0.259760"/>
      <trkpt lat="43.035674" lon="-0.259906"/>
      <trkpt lat="43.035772" lon="-0.259944"/>
      <trkpt lat="43.035833" lon="-0.259959"/>
      <trkpt lat="43.035935" lon="-0.259971"/>
      <trkpt lat="43.036013" lon="-0.259963"/>
      <trkpt lat="43.036072" lon="-0.259946"/>
      <trkpt lat="43.036175" lon="-0.259885"/>
      <trkpt lat="43.036229" lon="-0.259832"/>
      <trkpt lat="43.036256" lon="-0.259786"/>
      <trkpt lat="43.036286" lon="-0.259724"/>
      <trkpt lat="43.036313" lon="-0.259639"/>
      <trkpt lat="43.036346" lon="-0.259456"/>
      <trkpt lat="43.036389" lon="-0.259290"/>
      <trkpt lat="43.036428" lon="-0.259198"/>
      <trkpt lat="43.036479" lon="-0.259122"/>
      <trkpt lat="43.036538" lon="-0.259062"/>
      <trkpt lat="43.036591" lon="-0.259018"/>
      <trkpt lat="43.036683" lon="-0.258993"/>
      <trkpt lat="43.036791" lon="-0.259009"/>
      <trkpt lat="43.037183" lon="-0.259192"/>
      <trkpt lat="43.037386" lon="-0.259309"/>
      <trkpt lat="43.037490" lon="-0.259383"/>
      <trkpt lat="43.037590" lon="-0.259481"/>
      <trkpt lat="43.037862" lon="-0.259789"/>
      <trkpt lat="43.037994" lon="-0.259869"/>
      <trkpt lat="43.038148" lon="-0.259946"/>
      <trkpt lat="43.038285" lon="-0.259977"/>
      <trkpt lat="43.038421" lon="-0.259993"/>
      <trkpt lat="43.038447" lon="-0.260001"/>
      <trkpt lat="43.039227" lon="-0.260261"/>
      <trkpt lat="43.039296" lon="-0.260284"/>
      <trkpt lat="43.039345" lon="-0.260300"/>
      <trkpt lat="43.040093" lon="-0.260424"/>
      <trkpt lat="43.040199" lon="-0.260477"/>
      <trkpt lat="43.040272" lon="-0.260536"/>
      <trkpt lat="43.040352" lon="-0.260633"/>
      <trkpt lat="43.040712" lon="-0.261298"/>
      <trkpt lat="43.040891" lon="-0.261669"/>
      <trkpt lat="43.040960" lon="-0.261761"/>
      <trkpt lat="43.041068" lon="-0.261839"/>
      <trkpt lat="43.041223" lon="-0.261888"/>
      <trkpt lat="43.041347" lon="-0.261897"/>
      <trkpt lat="43.041495" lon="-0.261886"/>
      <trkpt lat="43.041779" lon="-0.261797"/>
      <trkpt lat="43.042081" lon="-0.261687"/>
      <trkpt lat="43.042220" lon="-0.261676"/>
      <trkpt lat="43.042287" lon="-0.261695"/>
      <trkpt lat="43.042349" lon="-0.261757"/>
      <trkpt lat="43.042413" lon="-0.261918"/>
      <trkpt lat="43.042501" lon="-0.262040"/>
      <trkpt lat="43.042657" lon="-0.262222"/>
      <trkpt lat="43.042722" lon="-0.262299"/>
      <trkpt lat="43.042799" lon="-0.262376"/>
      <trkpt lat="43.042867" lon="-0.262417"/>
      <trkpt lat="43.042996" lon="-0.262469"/>
      <trkpt lat="43.043098" lon="-0.262520"/>
      <trkpt lat="43.043192" lon="-0.262578"/>
      <trkpt lat="43.043274" lon="-0.262657"/>
      <trkpt lat="43.043307" lon="-0.262703"/>
      <trkpt lat="43.043337" lon="-0.262790"/>
      <trkpt lat="43.043389" lon="-0.263007"/>
      <trkpt lat="43.043494" lon="-0.263295"/>
      <trkpt lat="43.043526" lon="-0.263424"/>
      <trkpt lat="43.043542" lon="-0.263516"/>
      <trkpt lat="43.043547" lon="-0.263687"/>
      <trkpt lat="43.043569" lon="-0.263929"/>
      <trkpt lat="43.043587" lon="-0.264112"/>
      <trkpt lat="43.043625" lon="-0.264244"/>
      <trkpt lat="43.043703" lon="-0.264467"/>
      <trkpt lat="43.044240" lon="-0.265939"/>
      <trkpt lat="43.044329" lon="-0.266148"/>
      <trkpt lat="43.044399" lon="-0.266272"/>
      <trkpt lat="43.044459" lon="-0.266362"/>
      <trkpt lat="43.044574" lon="-0.266492"/>
      <trkpt lat="43.045729" lon="-0.267426"/>
      <trkpt lat="43.045836" lon="-0.267501"/>
      <trkpt lat="43.045926" lon="-0.267547"/>
      <trkpt lat="43.045994" lon="-0.267569"/>
      <trkpt lat="43.046092" lon="-0.267585"/>
      <trkpt lat="43.046188" lon="-0.267585"/>
      <trkpt lat="43.046310" lon="-0.267573"/>
      <trkpt lat="43.046776" lon="-0.267495"/>
      <trkpt lat="43.046958" lon="-0.267450"/>
      <trkpt lat="43.047070" lon="-0.267411"/>
      <trkpt lat="43.047180" lon="-0.267361"/>
      <trkpt lat="43.047265" lon="-0.267313"/>
      <trkpt lat="43.048043" lon="-0.266697"/>
      <trkpt lat="43.048135" lon="-0.266601"/>
      <trkpt lat="43.048207" lon="-0.266492"/>
      <trkpt lat="43.048330" lon="-0.266235"/>
      <trkpt lat="43.048452" lon="-0.265940"/>
      <trkpt lat="43.048590" lon="-0.265644"/>
      <trkpt lat="43.048660" lon="-0.265531"/>
      <trkpt lat="43.048751" lon="-0.265399"/>
      <trkpt lat="43.048819" lon="-0.265323"/>
      <trkpt lat="43.048929" lon="-0.265242"/>
      <trkpt lat="43.049214" lon="-0.265072"/>
      <trkpt lat="43.049344" lon="-0.265013"/>
      <trkpt lat="43.049746" lon="-0.264884"/>
      <trkpt lat="43.049864" lon="-0.264859"/>
      <trkpt lat="43.050017" lon="-0.264847"/>
      <trkpt lat="43.050093" lon="-0.264854"/>
      <trkpt lat="43.050298" lon="-0.264903"/>
      <trkpt lat="43.050736" lon="-0.265061"/>
      <trkpt lat="43.050929" lon="-0.265110"/>
      <trkpt lat="43.051073" lon="-0.265135"/>
      <trkpt lat="43.051361" lon="-0.265152"/>
      <trkpt lat="43.051463" lon="-0.265137"/>
      <trkpt lat="43.051535" lon="-0.265116"/>
      <trkpt lat="43.051594" lon="-0.265089"/>
      <trkpt lat="43.051670" lon="-0.265030"/>
      <trkpt lat="43.051812" lon="-0.264894"/>
      <trkpt lat="43.052045" lon="-0.264574"/>
      <trkpt lat="43.052180" lon="-0.264363"/>
      <trkpt lat="43.052308" lon="-0.264097"/>
      <trkpt lat="43.052768" lon="-0.263058"/>
      <trkpt lat="43.052981" lon="-0.262639"/>
      <trkpt lat="43.053052" lon="-0.262544"/>
      <trkpt lat="43.053115" lon="-0.262489"/>
      <trkpt lat="43.053196" lon="-0.262437"/>
      <trkpt lat="43.053283" lon="-0.262397"/>
      <trkpt lat="43.053368" lon="-0.262384"/>
      <trkpt lat="43.053543" lon="-0.262394"/>
      <trkpt lat="43.053684" lon="-0.262417"/>
      <trkpt lat="43.053788" lon="-0.262443"/>
      <trkpt lat="43.053904" lon="-0.262493"/>
      <trkpt lat="43.054101" lon="-0.262629"/>
      <trkpt lat="43.054795" lon="-0.263268"/>
      <trkpt lat="43.054967" lon="-0.263401"/>
      <trkpt lat="43.055100" lon="-0.263480"/>
      <trkpt lat="43.055209" lon="-0.263526"/>
      <trkpt lat="43.055326" lon="-0.263547"/>
      <trkpt lat="43.055416" lon="-0.263553"/>
      <trkpt lat="43.055532" lon="-0.263538"/>
      <trkpt lat="43.055649" lon="-0.263494"/>
      <trkpt lat="43.055745" lon="-0.263440"/>
      <trkpt lat="43.055844" lon="-0.263361"/>
      <trkpt lat="43.056340" lon="-0.262887"/>
      <trkpt lat="43.056471" lon="-0.262789"/>
      <trkpt lat="43.056622" lon="-0.262713"/>
      <trkpt lat="43.056773" lon="-0.262647"/>
      <trkpt lat="43.056933" lon="-0.262591"/>
      <trkpt lat="43.057068" lon="-0.262557"/>
      <trkpt lat="43.057232" lon="-0.262524"/>
      <trkpt lat="43.057393" lon="-0.262515"/>
      <trkpt lat="43.057660" lon="-0.262495"/>
      <trkpt lat="43.057878" lon="-0.262492"/>
      <trkpt lat="43.058083" lon="-0.262470"/>
      <trkpt lat="43.058353" lon="-0.262413"/>
      <trkpt lat="43.058652" lon="-0.262351"/>
      <trkpt lat="43.058900" lon="-0.262328"/>
      <trkpt lat="43.059045" lon="-0.262326"/>
      <trkpt lat="43.059661" lon="-0.262339"/>
      <trkpt lat="43.059778" lon="-0.262359"/>
      <trkpt lat="43.059879" lon="-0.262406"/>
      <trkpt lat="43.059963" lon="-0.262439"/>
      <trkpt lat="43.060106" lon="-0.262534"/>
      <trkpt lat="43.060179" lon="-0.262572"/>
      <trkpt lat="43.060268" lon="-0.262600"/>
      <trkpt lat="43.060483" lon="-0.262628"/>
      <trkpt lat="43.060652" lon="-0.262584"/>
      <trkpt lat="43.060821" lon="-0.262505"/>
      <trkpt lat="43.060934" lon="-0.262425"/>
      <trkpt lat="43.061066" lon="-0.262297"/>
      <trkpt lat="43.061217" lon="-0.262095"/>
      <trkpt lat="43.061430" lon="-0.261762"/>
      <trkpt lat="43.061576" lon="-0.261545"/>
      <trkpt lat="43.061783" lon="-0.261347"/>
      <trkpt lat="43.062009" lon="-0.261206"/>
      <trkpt lat="43.062240" lon="-0.261120"/>
      <trkpt lat="43.062466" lon="-0.261075"/>
      <trkpt lat="43.062732" lon="-0.261097"/>
      <trkpt lat="43.062856" lon="-0.261122"/>
      <trkpt lat="43.063304" lon="-0.261370"/>
      <trkpt lat="43.063841" lon="-0.261810"/>
      <trkpt lat="43.064138" lon="-0.261993"/>
      <trkpt lat="43.064357" lon="-0.262076"/>
      <trkpt lat="43.064506" lon="-0.262093"/>
      <trkpt lat="43.064671" lon="-0.262095"/>
      <trkpt lat="43.064803" lon="-0.262081"/>
      <trkpt lat="43.065037" lon="-0.262077"/>
      <trkpt lat="43.065343" lon="-0.262034"/>
      <trkpt lat="43.065762" lon="-0.261936"/>
      <trkpt lat="43.065866" lon="-0.261904"/>
      <trkpt lat="43.065904" lon="-0.261890"/>
      <trkpt lat="43.065968" lon="-0.261855"/>
      <trkpt lat="43.066076" lon="-0.261792"/>
      <trkpt lat="43.066212" lon="-0.261647"/>
      <trkpt lat="43.066331" lon="-0.261507"/>
      <trkpt lat="43.066413" lon="-0.261400"/>
      <trkpt lat="43.066738" lon="-0.260888"/>
      <trkpt lat="43.066849" lon="-0.260743"/>
      <trkpt lat="43.066923" lon="-0.260653"/>
      <trkpt lat="43.066994" lon="-0.260594"/>
      <trkpt lat="43.067099" lon="-0.260540"/>
      <trkpt lat="43.067267" lon="-0.260473"/>
      <trkpt lat="43.067463" lon="-0.260425"/>
      <trkpt lat="43.067578" lon="-0.260406"/>
      <trkpt lat="43.067711" lon="-0.260416"/>
      <trkpt lat="43.067826" lon="-0.260444"/>
      <trkpt lat="43.068137" lon="-0.260558"/>
      <trkpt lat="43.068393" lon="-0.260621"/>
      <trkpt lat="43.068517" lon="-0.260669"/>
      <trkpt lat="43.068609" lon="-0.260726"/>
      <trkpt lat="43.068694" lon="-0.260790"/>
      <trkpt lat="43.068798" lon="-0.260888"/>
      <trkpt lat="43.068951" lon="-0.261051"/>
      <trkpt lat="43.069058" lon="-0.261176"/>
      <trkpt lat="43.069436" lon="-0.261688"/>
      <trkpt lat="43.069580" lon="-0.261849"/>
      <trkpt lat="43.069726" lon="-0.261945"/>
      <trkpt lat="43.070158" lon="-0.262202"/>
      <trkpt lat="43.070822" lon="-0.262577"/>
      <trkpt lat="43.070987" lon="-0.262670"/>
      <trkpt lat="43.071159" lon="-0.262743"/>
      <trkpt lat="43.071365" lon="-0.262796"/>
      <trkpt lat="43.071572" lon="-0.262842"/>
      <trkpt lat="43.071843" lon="-0.262890"/>
      <trkpt lat="43.071988" lon="-0.262924"/>
      <trkpt lat="43.072096" lon="-0.262964"/>
      <trkpt lat="43.072260" lon="-0.263034"/>
      <trkpt lat="43.072403" lon="-0.263099"/>
      <trkpt lat="43.072483" lon="-0.263125"/>
      <trkpt lat="43.072579" lon="-0.263138"/>
      <trkpt lat="43.072702" lon="-0.263130"/>
      <trkpt lat="43.072873" lon="-0.263094"/>
      <trkpt lat="43.072951" lon="-0.263083"/>
      <trkpt lat="43.073090" lon="-0.263083"/>
      <trkpt lat="43.073176" lon="-0.263058"/>
      <trkpt lat="43.073230" lon="-0.263032"/>
      <trkpt lat="43.073351" lon="-0.262925"/>
      <trkpt lat="43.073428" lon="-0.262834"/>
      <trkpt lat="43.073512" lon="-0.262720"/>
      <trkpt lat="43.073666" lon="-0.262464"/>
      <trkpt lat="43.073757" lon="-0.262334"/>
      <trkpt lat="43.073885" lon="-0.262193"/>
      <trkpt lat="43.074021" lon="-0.262042"/>
      <trkpt lat="43.074385" lon="-0.261663"/>
      <trkpt lat="43.074525" lon="-0.261531"/>
      <trkpt lat="43.074718" lon="-0.261372"/>
      <trkpt lat="43.075391" lon="-0.260852"/>
      <trkpt lat="43.075677" lon="-0.260620"/>
      <trkpt lat="43.075782" lon="-0.260502"/>
      <trkpt lat="43.075903" lon="-0.260380"/>
      <trkpt lat="43.075975" lon="-0.260316"/>
      <trkpt lat="43.076031" lon="-0.260274"/>
      <trkpt lat="43.076099" lon="-0.260240"/>
      <trkpt lat="43.076177" lon="-0.260206"/>
      <trkpt lat="43.076305" lon="-0.260173"/>
      <trkpt lat="43.076385" lon="-0.260168"/>
      <trkpt lat="43.076564" lon="-0.260113"/>
      <trkpt lat="43.076719" lon="-0.260075"/>
      <trkpt lat="43.076838" lon="-0.260056"/>
      <trkpt lat="43.077168" lon="-0.260048"/>
      <trkpt lat="43.077287" lon="-0.260034"/>
      <trkpt lat="43.077404" lon="-0.260012"/>
      <trkpt lat="43.077567" lon="-0.259976"/>
      <trkpt lat="43.077738" lon="-0.259901"/>
      <trkpt lat="43.077800" lon="-0.259862"/>
      <trkpt lat="43.077869" lon="-0.259804"/>
      <trkpt lat="43.078149" lon="-0.259532"/>
      <trkpt lat="43.078226" lon="-0.259466"/>
      <trkpt lat="43.078533" lon="-0.259237"/>
      <trkpt lat="43.078655" lon="-0.259163"/>
      <trkpt lat="43.079137" lon="-0.258927"/>
      <trkpt lat="43.079345" lon="-0.258816"/>
      <trkpt lat="43.079817" lon="-0.258558"/>
      <trkpt lat="43.080055" lon="-0.258416"/>
      <trkpt lat="43.080139" lon="-0.258354"/>
      <trkpt lat="43.080233" lon="-0.258263"/>
      <trkpt lat="43.080342" lon="-0.258143"/>
      <trkpt lat="43.080605" lon="-0.257818"/>
      <trkpt lat="43.080715" lon="-0.257713"/>
      <trkpt lat="43.080799" lon="-0.257642"/>
      <trkpt lat="43.080906" lon="-0.257582"/>
      <trkpt lat="43.080994" lon="-0.257551"/>
      <trkpt lat="43.081296" lon="-0.257476"/>
      <trkpt lat="43.081452" lon="-0.257454"/>
      <trkpt lat="43.081652" lon="-0.257440"/>
      <trkpt lat="43.082037" lon="-0.257437"/>
      <trkpt lat="43.082230" lon="-0.257418"/>
      <trkpt lat="43.083134" lon="-0.257172"/>
      <trkpt lat="43.083349" lon="-0.257150"/>
      <trkpt lat="43.084579" lon="-0.257068"/>
      <trkpt lat="43.084751" lon="-0.257035"/>
      <trkpt lat="43.084897" lon="-0.256981"/>
      <trkpt lat="43.085080" lon="-0.256852"/>
      <trkpt lat="43.085178" lon="-0.256745"/>
      <trkpt lat="43.085285" lon="-0.256611"/>
      <trkpt lat="43.085361" lon="-0.256469"/>
      <trkpt lat="43.085409" lon="-0.256317"/>
      <trkpt lat="43.085445" lon="-0.256139"/>
      <trkpt lat="43.085464" lon="-0.255954"/>
      <trkpt lat="43.085461" lon="-0.255648"/>
      <trkpt lat="43.085404" lon="-0.253797"/>
      <trkpt lat="43.085400" lon="-0.253529"/>
      <trkpt lat="43.085413" lon="-0.253382"/>
      <trkpt lat="43.085438" lon="-0.253272"/>
      <trkpt lat="43.085489" lon="-0.253166"/>
      <trkpt lat="43.085551" lon="-0.253091"/>
      <trkpt lat="43.085637" lon="-0.253025"/>
      <trkpt lat="43.085762" lon="-0.252958"/>
      <trkpt lat="43.086588" lon="-0.252667"/>
      <trkpt lat="43.086694" lon="-0.252625"/>
      <trkpt lat="43.086872" lon="-0.252532"/>
      <trkpt lat="43.087172" lon="-0.252349"/>
      <trkpt lat="43.087318" lon="-0.252245"/>
      <trkpt lat="43.087371" lon="-0.252207"/>
      <trkpt lat="43.087435" lon="-0.252163"/>
      <trkpt lat="43.087834" lon="-0.251987"/>
      <trkpt lat="43.088075" lon="-0.251889"/>
      <trkpt lat="43.088217" lon="-0.251859"/>
      <trkpt lat="43.088402" lon="-0.251842"/>
      <trkpt lat="43.088528" lon="-0.251843"/>
      <trkpt lat="43.089023" lon="-0.251868"/>
      <trkpt lat="43.089076" lon="-0.251871"/>
      <trkpt lat="43.089579" lon="-0.251888"/>
      <trkpt lat="43.089738" lon="-0.251906"/>
      <trkpt lat="43.089954" lon="-0.251945"/>
      <trkpt lat="43.090059" lon="-0.251975"/>
      <trkpt lat="43.090136" lon="-0.252011"/>
      <trkpt lat="43.090193" lon="-0.252052"/>
      <trkpt lat="43.090243" lon="-0.252116"/>
      <trkpt lat="43.090295" lon="-0.252213"/>
      <trkpt lat="43.090600" lon="-0.252862"/>
      <trkpt lat="43.090639" lon="-0.252928"/>
      <trkpt lat="43.090676" lon="-0.252960"/>
      <trkpt lat="43.090728" lon="-0.252980"/>
      <trkpt lat="43.090769" lon="-0.252980"/>
      <trkpt lat="43.090864" lon="-0.252938"/>
      <trkpt lat="43.091043" lon="-0.252845"/>
      <trkpt lat="43.091328" lon="-0.252706"/>
      <trkpt lat="43.091525" lon="-0.252587"/>
      <trkpt lat="43.091623" lon="-0.252495"/>
      <trkpt lat="43.091690" lon="-0.252401"/>
      <trkpt lat="43.091894" lon="-0.252022"/>
      <trkpt lat="43.092186" lon="-0.251678"/>
      <trkpt lat="43.092708" lon="-0.251137"/>
      <trkpt lat="43.092786" lon="-0.251037"/>
      <trkpt lat="43.092843" lon="-0.250909"/>
      <trkpt lat="43.092883" lon="-0.250711"/>
      <trkpt lat="43.092936" lon="-0.249993"/>
      <trkpt lat="43.092980" lon="-0.249897"/>
      <trkpt lat="43.093029" lon="-0.249838"/>
      <trkpt lat="43.093096" lon="-0.249813"/>
      <trkpt lat="43.093170" lon="-0.249812"/>
      <trkpt lat="43.093368" lon="-0.249869"/>
      <trkpt lat="43.093463" lon="-0.249881"/>
      <trkpt lat="43.093564" lon="-0.249865"/>
      <trkpt lat="43.094236" lon="-0.249663"/>
      <trkpt lat="43.094783" lon="-0.249424"/>
      <trkpt lat="43.094990" lon="-0.249269"/>
      <trkpt lat="43.095167" lon="-0.249085"/>
      <trkpt lat="43.095380" lon="-0.248818"/>
      <trkpt lat="43.095922" lon="-0.247978"/>
      <trkpt lat="43.096117" lon="-0.247734"/>
      <trkpt lat="43.096529" lon="-0.247285"/>
      <trkpt lat="43.096661" lon="-0.247100"/>
      <trkpt lat="43.096734" lon="-0.246960"/>
      <trkpt lat="43.097072" lon="-0.246161"/>
      <trkpt lat="43.097207" lon="-0.245858"/>
      <trkpt lat="43.097291" lon="-0.245709"/>
      <trkpt lat="43.097411" lon="-0.245584"/>
      <trkpt lat="43.097700" lon="-0.245361"/>
      <trkpt lat="43.097840" lon="-0.245276"/>
      <trkpt lat="43.097985" lon="-0.245214"/>
      <trkpt lat="43.098064" lon="-0.245214"/>
      <trkpt lat="43.098153" lon="-0.245234"/>
      <trkpt lat="43.098548" lon="-0.245429"/>
      <trkpt lat="43.098690" lon="-0.245490"/>
      <trkpt lat="43.098884" lon="-0.245527"/>
      <trkpt lat="43.099426" lon="-0.245556"/>
      <trkpt lat="43.099657" lon="-0.245546"/>
      <trkpt lat="43.100196" lon="-0.245462"/>
      <trkpt lat="43.100410" lon="-0.245415"/>
      <trkpt lat="43.100565" lon="-0.245335"/>
      <trkpt lat="43.100678" lon="-0.245312"/>
      <trkpt lat="43.100832" lon="-0.245312"/>
      <trkpt lat="43.101055" lon="-0.245371"/>
      <trkpt lat="43.101557" lon="-0.245526"/>
      <trkpt lat="43.103037" lon="-0.245907"/>
      <trkpt lat="43.103228" lon="-0.245950"/>
      <trkpt lat="43.103463" lon="-0.245972"/>
      <trkpt lat="43.103719" lon="-0.245959"/>
      <trkpt lat="43.104110" lon="-0.245999"/>
      <trkpt lat="43.104305" lon="-0.245992"/>
      <trkpt lat="43.104825" lon="-0.245933"/>
      <trkpt lat="43.104954" lon="-0.245947"/>
      <trkpt lat="43.105073" lon="-0.245989"/>
      <trkpt lat="43.105164" lon="-0.246059"/>
      <trkpt lat="43.105257" lon="-0.246154"/>
      <trkpt lat="43.105354" lon="-0.246294"/>
      <trkpt lat="43.105427" lon="-0.246365"/>
      <trkpt lat="43.105869" lon="-0.246733"/>
      <trkpt lat="43.106154" lon="-0.247032"/>
      <trkpt lat="43.106297" lon="-0.247089"/>
      <trkpt lat="43.106438" lon="-0.247094"/>
      <trkpt lat="43.106600" lon="-0.247063"/>
      <trkpt lat="43.107318" lon="-0.246835"/>
      <trkpt lat="43.107726" lon="-0.246581"/>
      <trkpt lat="43.107913" lon="-0.246524"/>
      <trkpt lat="43.108074" lon="-0.246507"/>
      <trkpt lat="43.108247" lon="-0.246564"/>
      <trkpt lat="43.108455" lon="-0.246700"/>
      <trkpt lat="43.108706" lon="-0.246892"/>
      <trkpt lat="43.108829" lon="-0.246982"/>
      <trkpt lat="43.108984" lon="-0.247063"/>
      <trkpt lat="43.109177" lon="-0.247124"/>
      <trkpt lat="43.109354" lon="-0.247141"/>
      <trkpt lat="43.110794" lon="-0.247142"/>
      <trkpt lat="43.112272" lon="-0.247121"/>
      <trkpt lat="43.113102" lon="-0.247008"/>
      <trkpt lat="43.113299" lon="-0.247015"/>
      <trkpt lat="43.113641" lon="-0.247039"/>
      <trkpt lat="43.113874" lon="-0.247018"/>
      <trkpt lat="43.114126" lon="-0.246932"/>
      <trkpt lat="43.114275" lon="-0.246859"/>
      <trkpt lat="43.114380" lon="-0.246761"/>
      <trkpt lat="43.114469" lon="-0.246633"/>
      <trkpt lat="43.114579" lon="-0.246442"/>
      <trkpt lat="43.114676" lon="-0.246348"/>
      <trkpt lat="43.114820" lon="-0.246280"/>
      <trkpt lat="43.115018" lon="-0.246259"/>
      <trkpt lat="43.115211" lon="-0.246289"/>
      <trkpt lat="43.115421" lon="-0.246346"/>
      <trkpt lat="43.115708" lon="-0.246468"/>
      <trkpt lat="43.116892" lon="-0.247151"/>
      <trkpt lat="43.117181" lon="-0.247293"/>
      <trkpt lat="43.117460" lon="-0.247412"/>
      <trkpt lat="43.117720" lon="-0.247499"/>
      <trkpt lat="43.118060" lon="-0.247592"/>
      <trkpt lat="43.118335" lon="-0.247684"/>
      <trkpt lat="43.118506" lon="-0.247752"/>
      <trkpt lat="43.118683" lon="-0.247844"/>
      <trkpt lat="43.118855" lon="-0.247976"/>
      <trkpt lat="43.119041" lon="-0.248161"/>
      <trkpt lat="43.119742" lon="-0.248940"/>
      <trkpt lat="43.119874" lon="-0.249047"/>
      <trkpt lat="43.119952" lon="-0.249097"/>
      <trkpt lat="43.120034" lon="-0.249132"/>
      <trkpt lat="43.120168" lon="-0.249175"/>
      <trkpt lat="43.120346" lon="-0.249192"/>
      <trkpt lat="43.121483" lon="-0.249063"/>
      <trkpt lat="43.121713" lon="-0.249070"/>
      <trkpt lat="43.121911" lon="-0.249117"/>
      <trkpt lat="43.122155" lon="-0.249206"/>
      <trkpt lat="43.122380" lon="-0.249332"/>
      <trkpt lat="43.122584" lon="-0.249490"/>
      <trkpt lat="43.123762" lon="-0.250437"/>
      <trkpt lat="43.124335" lon="-0.250816"/>
      <trkpt lat="43.124527" lon="-0.250963"/>
      <trkpt lat="43.124738" lon="-0.251173"/>
      <trkpt lat="43.125165" lon="-0.251591"/>
      <trkpt lat="43.125478" lon="-0.251862"/>
      <trkpt lat="43.125746" lon="-0.252045"/>
      <trkpt lat="43.126253" lon="-0.252294"/>
      <trkpt lat="43.126441" lon="-0.252364"/>
      <trkpt lat="43.126720" lon="-0.252393"/>
      <trkpt lat="43.126952" lon="-0.252388"/>
      <trkpt lat="43.127198" lon="-0.252416"/>
      <trkpt lat="43.127438" lon="-0.252472"/>
      <trkpt lat="43.128121" lon="-0.252715"/>
      <trkpt lat="43.128591" lon="-0.252887"/>
      <trkpt lat="43.128705" lon="-0.252915"/>
      <trkpt lat="43.128843" lon="-0.252928"/>
      <trkpt lat="43.129013" lon="-0.252923"/>
      <trkpt lat="43.129181" lon="-0.252923"/>
      <trkpt lat="43.129355" lon="-0.252950"/>
      <trkpt lat="43.129841" lon="-0.253095"/>
      <trkpt lat="43.130699" lon="-0.253340"/>
      <trkpt lat="43.130897" lon="-0.253429"/>
      <trkpt lat="43.132251" lon="-0.254019"/>
      <trkpt lat="43.133776" lon="-0.254774"/>
      <trkpt lat="43.133949" lon="-0.254845"/>
      <trkpt lat="43.134331" lon="-0.254932"/>
      <trkpt lat="43.135784" lon="-0.255188"/>
      <trkpt lat="43.136159" lon="-0.255251"/>
      <trkpt lat="43.136442" lon="-0.255310"/>
      <trkpt lat="43.136691" lon="-0.255419"/>
      <trkpt lat="43.136800" lon="-0.255465"/>
      <trkpt lat="43.136860" lon="-0.255470"/>
      <trkpt lat="43.136917" lon="-0.255460"/>
      <trkpt lat="43.136968" lon="-0.255439"/>
      <trkpt lat="43.137033" lon="-0.255406"/>
      <trkpt lat="43.138139" lon="-0.254560"/>
      <trkpt lat="43.139763" lon="-0.253382"/>
      <trkpt lat="43.140085" lon="-0.253251"/>
      <trkpt lat="43.140323" lon="-0.253186"/>
      <trkpt lat="43.140408" lon="-0.253119"/>
      <trkpt lat="43.140519" lon="-0.253070"/>
      <trkpt lat="43.140565" lon="-0.253052"/>
      <trkpt lat="43.140547" lon="-0.252873"/>
      <trkpt lat="43.140544" lon="-0.252743"/>
      <trkpt lat="43.140541" lon="-0.252559"/>
      <trkpt lat="43.140543" lon="-0.252473"/>
      <trkpt lat="43.140562" lon="-0.251853"/>
      <trkpt lat="43.140596" lon="-0.251412"/>
      <trkpt lat="43.140612" lon="-0.251231"/>
      <trkpt lat="43.140653" lon="-0.250729"/>
      <trkpt lat="43.140682" lon="-0.250421"/>
      <trkpt lat="43.140782" lon="-0.249932"/>
      <trkpt lat="43.141073" lon="-0.249287"/>
      <trkpt lat="43.142781" lon="-0.245505"/>
      <trkpt lat="43.142795" lon="-0.245481"/>
      <trkpt lat="43.143120" lon="-0.244787"/>
      <trkpt lat="43.143734" lon="-0.243598"/>
      <trkpt lat="43.143929" lon="-0.243207"/>
      <trkpt lat="43.144098" lon="-0.242826"/>
      <trkpt lat="43.144272" lon="-0.242273"/>
      <trkpt lat="43.144360" lon="-0.241779"/>
      <trkpt lat="43.144459" lon="-0.241037"/>
      <trkpt lat="43.144554" lon="-0.240686"/>
      <trkpt lat="43.144832" lon="-0.239909"/>
      <trkpt lat="43.145209" lon="-0.239095"/>
      <trkpt lat="43.145550" lon="-0.238363"/>
      <trkpt lat="43.145826" lon="-0.237767"/>
      <trkpt lat="43.146043" lon="-0.237242"/>
      <trkpt lat="43.146269" lon="-0.236886"/>
      <trkpt lat="43.146698" lon="-0.236385"/>
      <trkpt lat="43.146813" lon="-0.236223"/>
      <trkpt lat="43.147109" lon="-0.235804"/>
      <trkpt lat="43.147257" lon="-0.235477"/>
      <trkpt lat="43.147338" lon="-0.235227"/>
      <trkpt lat="43.147380" lon="-0.234929"/>
      <trkpt lat="43.147428" lon="-0.233107"/>
      <trkpt lat="43.147505" lon="-0.232519"/>
      <trkpt lat="43.147591" lon="-0.232207"/>
      <trkpt lat="43.147707" lon="-0.231881"/>
      <trkpt lat="43.147968" lon="-0.231421"/>
      <trkpt lat="43.148580" lon="-0.230398"/>
      <trkpt lat="43.149801" lon="-0.228350"/>
      <trkpt lat="43.150348" lon="-0.227443"/>
      <trkpt lat="43.150421" lon="-0.227325"/>
      <trkpt lat="43.151302" lon="-0.225812"/>
      <trkpt lat="43.151776" lon="-0.224997"/>
      <trkpt lat="43.151829" lon="-0.224907"/>
      <trkpt lat="43.152196" lon="-0.225264"/>
      <trkpt lat="43.152253" lon="-0.225320"/>
      <trkpt lat="43.152528" lon="-0.225587"/>
      <trkpt lat="43.152676" lon="-0.225716"/>
      <trkpt lat="43.152801" lon="-0.225799"/>
      <trkpt lat="43.152966" lon="-0.225878"/>
      <trkpt lat="43.153057" lon="-0.225910"/>
      <trkpt lat="43.153164" lon="-0.225939"/>
      <trkpt lat="43.153232" lon="-0.225944"/>
      <trkpt lat="43.153290" lon="-0.225949"/>
      <trkpt lat="43.153462" lon="-0.225941"/>
      <trkpt lat="43.153634" lon="-0.225910"/>
      <trkpt lat="43.153950" lon="-0.225815"/>
      <trkpt lat="43.154434" lon="-0.225672"/>
      <trkpt lat="43.154621" lon="-0.225631"/>
      <trkpt lat="43.154777" lon="-0.225618"/>
      <trkpt lat="43.155000" lon="-0.225652"/>
      <trkpt lat="43.155199" lon="-0.225716"/>
      <trkpt lat="43.155411" lon="-0.225815"/>
      <trkpt lat="43.155812" lon="-0.226075"/>
      <trkpt lat="43.156495" lon="-0.226550"/>
      <trkpt lat="43.156788" lon="-0.226752"/>
      <trkpt lat="43.157330" lon="-0.227124"/>
      <trkpt lat="43.160036" lon="-0.228986"/>
      <trkpt lat="43.160276" lon="-0.229213"/>
      <trkpt lat="43.160895" lon="-0.230023"/>
      <trkpt lat="43.161133" lon="-0.230308"/>
      <trkpt lat="43.161348" lon="-0.230530"/>
      <trkpt lat="43.161588" lon="-0.230722"/>
      <trkpt lat="43.161798" lon="-0.230834"/>
      <trkpt lat="43.162109" lon="-0.230955"/>
      <trkpt lat="43.162881" lon="-0.231168"/>
      <trkpt lat="43.163366" lon="-0.231317"/>
      <trkpt lat="43.163933" lon="-0.231558"/>
      <trkpt lat="43.164098" lon="-0.231641"/>
      <trkpt lat="43.164447" lon="-0.231843"/>
      <trkpt lat="43.164789" lon="-0.232084"/>
      <trkpt lat="43.164861" lon="-0.232140"/>
      <trkpt lat="43.164933" lon="-0.232198"/>
      <trkpt lat="43.165050" lon="-0.232286"/>
      <trkpt lat="43.165403" lon="-0.232560"/>
      <trkpt lat="43.166482" lon="-0.233424"/>
      <trkpt lat="43.167168" lon="-0.234073"/>
      <trkpt lat="43.167778" lon="-0.234616"/>
      <trkpt lat="43.167823" lon="-0.234656"/>
      <trkpt lat="43.168328" lon="-0.234995"/>
      <trkpt lat="43.168913" lon="-0.235304"/>
      <trkpt lat="43.169220" lon="-0.235418"/>
      <trkpt lat="43.169580" lon="-0.235537"/>
      <trkpt lat="43.169929" lon="-0.235635"/>
      <trkpt lat="43.170676" lon="-0.235831"/>
      <trkpt lat="43.170973" lon="-0.235907"/>
      <trkpt lat="43.171619" lon="-0.236073"/>
      <trkpt lat="43.172010" lon="-0.236200"/>
      <trkpt lat="43.172269" lon="-0.236294"/>
      <trkpt lat="43.172529" lon="-0.236412"/>
      <trkpt lat="43.173960" lon="-0.237375"/>
      <trkpt lat="43.174622" lon="-0.237855"/>
      <trkpt lat="43.174773" lon="-0.237972"/>
      <trkpt lat="43.175027" lon="-0.238204"/>
      <trkpt lat="43.175591" lon="-0.238851"/>
      <trkpt lat="43.175727" lon="-0.238986"/>
      <trkpt lat="43.175843" lon="-0.239034"/>
      <trkpt lat="43.175974" lon="-0.239035"/>
      <trkpt lat="43.176077" lon="-0.238960"/>
      <trkpt lat="43.176142" lon="-0.238803"/>
      <trkpt lat="43.176212" lon="-0.238621"/>
      <trkpt lat="43.176298" lon="-0.238382"/>
      <trkpt lat="43.176411" lon="-0.238070"/>
      <trkpt lat="43.176471" lon="-0.237932"/>
      <trkpt lat="43.176542" lon="-0.237885"/>
      <trkpt lat="43.176598" lon="-0.237874"/>
      <trkpt lat="43.176731" lon="-0.237917"/>
      <trkpt lat="43.176848" lon="-0.238016"/>
      <trkpt lat="43.177123" lon="-0.238340"/>
      <trkpt lat="43.177277" lon="-0.238520"/>
      <trkpt lat="43.177957" lon="-0.239340"/>
      <trkpt lat="43.178246" lon="-0.239629"/>
      <trkpt lat="43.178412" lon="-0.239754"/>
      <trkpt lat="43.178682" lon="-0.239897"/>
      <trkpt lat="43.179191" lon="-0.240142"/>
      <trkpt lat="43.179458" lon="-0.240247"/>
      <trkpt lat="43.179703" lon="-0.240343"/>
      <trkpt lat="43.180157" lon="-0.240467"/>
      <trkpt lat="43.180590" lon="-0.240491"/>
      <trkpt lat="43.181623" lon="-0.240461"/>
      <trkpt lat="43.181748" lon="-0.240456"/>
      <trkpt lat="43.182758" lon="-0.240385"/>
      <trkpt lat="43.183506" lon="-0.240339"/>
      <trkpt lat="43.184069" lon="-0.240324"/>
      <trkpt lat="43.185220" lon="-0.240401"/>
      <trkpt lat="43.185421" lon="-0.240367"/>
      <trkpt lat="43.185553" lon="-0.240313"/>
      <trkpt lat="43.185628" lon="-0.240194"/>
      <trkpt lat="43.185710" lon="-0.240150"/>
      <trkpt lat="43.185798" lon="-0.240154"/>
      <trkpt lat="43.185874" lon="-0.240203"/>
      <trkpt lat="43.185926" lon="-0.240280"/>
      <trkpt lat="43.185949" lon="-0.240343"/>
      <trkpt lat="43.186041" lon="-0.240406"/>
      <trkpt lat="43.186523" lon="-0.240486"/>
      <trkpt lat="43.186711" lon="-0.240490"/>
      <trkpt lat="43.187001" lon="-0.240495"/>
      <trkpt lat="43.189778" lon="-0.240490"/>
      <trkpt lat="43.190427" lon="-0.240489"/>
      <trkpt lat="43.190834" lon="-0.240489"/>
      <trkpt lat="43.191072" lon="-0.240488"/>
      <trkpt lat="43.191338" lon="-0.240487"/>
      <trkpt lat="43.191494" lon="-0.240487"/>
      <trkpt lat="43.191547" lon="-0.240488"/>
      <trkpt lat="43.192075" lon="-0.240490"/>
      <trkpt lat="43.192119" lon="-0.240492"/>
      <trkpt lat="43.192963" lon="-0.240535"/>
      <trkpt lat="43.193417" lon="-0.240610"/>
      <trkpt lat="43.194045" lon="-0.240720"/>
      <trkpt lat="43.194488" lon="-0.240828"/>
      <trkpt lat="43.195126" lon="-0.241015"/>
      <trkpt lat="43.195738" lon="-0.241254"/>
      <trkpt lat="43.196385" lon="-0.241538"/>
      <trkpt lat="43.196946" lon="-0.241828"/>
      <trkpt lat="43.197851" lon="-0.242377"/>
      <trkpt lat="43.198308" lon="-0.242654"/>
      <trkpt lat="43.198379" lon="-0.242670"/>
      <trkpt lat="43.198442" lon="-0.242661"/>
      <trkpt lat="43.198512" lon="-0.242622"/>
      <trkpt lat="43.198587" lon="-0.242620"/>
      <trkpt lat="43.198669" lon="-0.242663"/>
      <trkpt lat="43.198731" lon="-0.242749"/>
      <trkpt lat="43.198761" lon="-0.242862"/>
      <trkpt lat="43.198817" lon="-0.242991"/>
      <trkpt lat="43.198881" lon="-0.243086"/>
      <trkpt lat="43.199306" lon="-0.243468"/>
      <trkpt lat="43.200074" lon="-0.243989"/>
      <trkpt lat="43.200497" lon="-0.244254"/>
      <trkpt lat="43.200935" lon="-0.244509"/>
      <trkpt lat="43.201423" lon="-0.244782"/>
      <trkpt lat="43.202160" lon="-0.245139"/>
      <trkpt lat="43.202715" lon="-0.245371"/>
      <trkpt lat="43.203241" lon="-0.245568"/>
      <trkpt lat="43.203794" lon="-0.245760"/>
      <trkpt lat="43.204399" lon="-0.245946"/>
      <trkpt lat="43.204963" lon="-0.246074"/>
      <trkpt lat="43.205552" lon="-0.246193"/>
      <trkpt lat="43.206706" lon="-0.246327"/>
      <trkpt lat="43.207420" lon="-0.246373"/>
      <trkpt lat="43.211843" lon="-0.246438"/>
      <trkpt lat="43.211882" lon="-0.246439"/>
      <trkpt lat="43.211983" lon="-0.246441"/>
      <trkpt lat="43.212041" lon="-0.246443"/>
      <trkpt lat="43.212077" lon="-0.246443"/>
      <trkpt lat="43.216989" lon="-0.246562"/>
      <trkpt lat="43.217900" lon="-0.246660"/>
      <trkpt lat="43.218845" lon="-0.246875"/>
      <trkpt lat="43.222086" lon="-0.247707"/>
      <trkpt lat="43.222606" lon="-0.247883"/>
      <trkpt lat="43.223000" lon="-0.248043"/>
      <trkpt lat="43.223630" lon="-0.248356"/>
      <trkpt lat="43.224095" lon="-0.248641"/>
      <trkpt lat="43.224597" lon="-0.248991"/>
      <trkpt lat="43.225370" lon="-0.249688"/>
      <trkpt lat="43.225899" lon="-0.250017"/>
      <trkpt lat="43.225950" lon="-0.250047"/>
      <trkpt lat="43.225985" lon="-0.250045"/>
      <trkpt lat="43.226090" lon="-0.250069"/>
      <trkpt lat="43.226165" lon="-0.250131"/>
      <trkpt lat="43.226200" lon="-0.250180"/>
      <trkpt lat="43.226223" lon="-0.250229"/>
      <trkpt lat="43.226257" lon="-0.250357"/>
      <trkpt lat="43.226255" lon="-0.250482"/>
      <trkpt lat="43.226239" lon="-0.250553"/>
      <trkpt lat="43.226301" lon="-0.250772"/>
      <trkpt lat="43.226581" lon="-0.251293"/>
      <trkpt lat="43.226782" lon="-0.251596"/>
      <trkpt lat="43.227050" lon="-0.252031"/>
      <trkpt lat="43.227318" lon="-0.252569"/>
      <trkpt lat="43.227563" lon="-0.253133"/>
      <trkpt lat="43.228313" lon="-0.254943"/>
      <trkpt lat="43.229402" lon="-0.257657"/>
      <trkpt lat="43.229604" lon="-0.258124"/>
      <trkpt lat="43.229806" lon="-0.258550"/>
      <trkpt lat="43.229862" lon="-0.258669"/>
      <trkpt lat="43.230174" lon="-0.259304"/>
      <trkpt lat="43.230554" lon="-0.259939"/>
      <trkpt lat="43.230936" lon="-0.260485"/>
      <trkpt lat="43.231370" lon="-0.261021"/>
      <trkpt lat="43.231807" lon="-0.261484"/>
      <trkpt lat="43.232281" lon="-0.261939"/>
      <trkpt lat="43.232583" lon="-0.262190"/>
      <trkpt lat="43.232924" lon="-0.262441"/>
      <trkpt lat="43.233424" lon="-0.262755"/>
      <trkpt lat="43.233921" lon="-0.263013"/>
      <trkpt lat="43.237521" lon="-0.264802"/>
      <trkpt lat="43.237837" lon="-0.264953"/>
      <trkpt lat="43.238722" lon="-0.265394"/>
      <trkpt lat="43.239769" lon="-0.265914"/>
      <trkpt lat="43.241240" lon="-0.266619"/>
      <trkpt lat="43.242014" lon="-0.267051"/>
      <trkpt lat="43.242451" lon="-0.267330"/>
      <trkpt lat="43.242787" lon="-0.267599"/>
      <trkpt lat="43.243357" lon="-0.267993"/>
      <trkpt lat="43.243519" lon="-0.268045"/>
      <trkpt lat="43.243579" lon="-0.268008"/>
      <trkpt lat="43.243632" lon="-0.267997"/>
      <trkpt lat="43.243686" lon="-0.268003"/>
      <trkpt lat="43.243729" lon="-0.268021"/>
      <trkpt lat="43.243769" lon="-0.268050"/>
      <trkpt lat="43.243821" lon="-0.268119"/>
      <trkpt lat="43.243855" lon="-0.268206"/>
      <trkpt lat="43.244111" lon="-0.268350"/>
      <trkpt lat="43.244228" lon="-0.268420"/>
      <trkpt lat="43.244357" lon="-0.268527"/>
      <trkpt lat="43.244732" lon="-0.268776"/>
      <trkpt lat="43.245073" lon="-0.269059"/>
      <trkpt lat="43.245516" lon="-0.269537"/>
      <trkpt lat="43.245862" lon="-0.270050"/>
      <trkpt lat="43.246066" lon="-0.270446"/>
      <trkpt lat="43.246222" lon="-0.270837"/>
      <trkpt lat="43.246548" lon="-0.271749"/>
      <trkpt lat="43.247067" lon="-0.273381"/>
      <trkpt lat="43.247799" lon="-0.275572"/>
      <trkpt lat="43.247960" lon="-0.275978"/>
      <trkpt lat="43.248024" lon="-0.276139"/>
      <trkpt lat="43.248293" lon="-0.276736"/>
      <trkpt lat="43.248525" lon="-0.277187"/>
      <trkpt lat="43.248575" lon="-0.277285"/>
      <trkpt lat="43.249057" lon="-0.278089"/>
      <trkpt lat="43.249285" lon="-0.278249"/>
      <trkpt lat="43.249318" lon="-0.278272"/>
      <trkpt lat="43.249379" lon="-0.278251"/>
      <trkpt lat="43.249442" lon="-0.278254"/>
      <trkpt lat="43.249501" lon="-0.278281"/>
      <trkpt lat="43.249548" lon="-0.278323"/>
      <trkpt lat="43.249586" lon="-0.278380"/>
      <trkpt lat="43.249612" lon="-0.278448"/>
      <trkpt lat="43.249627" lon="-0.278532"/>
      <trkpt lat="43.249624" lon="-0.278619"/>
      <trkpt lat="43.249735" lon="-0.278887"/>
      <trkpt lat="43.249926" lon="-0.279189"/>
      <trkpt lat="43.250470" lon="-0.279802"/>
      <trkpt lat="43.252407" lon="-0.281988"/>
      <trkpt lat="43.253077" lon="-0.282750"/>
      <trkpt lat="43.253320" lon="-0.283026"/>
      <trkpt lat="43.253475" lon="-0.283203"/>
      <trkpt lat="43.253609" lon="-0.283355"/>
      <trkpt lat="43.255277" lon="-0.285253"/>
      <trkpt lat="43.256420" lon="-0.286548"/>
      <trkpt lat="43.256674" lon="-0.286850"/>
      <trkpt lat="43.257689" lon="-0.287983"/>
      <trkpt lat="43.258525" lon="-0.288884"/>
      <trkpt lat="43.261542" lon="-0.291601"/>
      <trkpt lat="43.262153" lon="-0.292252"/>
      <trkpt lat="43.262769" lon="-0.293058"/>
      <trkpt lat="43.263410" lon="-0.294084"/>
      <trkpt lat="43.263662" lon="-0.294551"/>
      <trkpt lat="43.263881" lon="-0.294999"/>
      <trkpt lat="43.264238" lon="-0.295798"/>
      <trkpt lat="43.264685" lon="-0.296795"/>
      <trkpt lat="43.264871" lon="-0.297181"/>
      <trkpt lat="43.265102" lon="-0.297603"/>
      <trkpt lat="43.265284" lon="-0.297917"/>
      <trkpt lat="43.265610" lon="-0.298390"/>
      <trkpt lat="43.266199" lon="-0.299091"/>
      <trkpt lat="43.267717" lon="-0.300573"/>
      <trkpt lat="43.269462" lon="-0.302516"/>
      <trkpt lat="43.270179" lon="-0.303429"/>
      <trkpt lat="43.272409" lon="-0.306122"/>
      <trkpt lat="43.273014" lon="-0.307004"/>
      <trkpt lat="43.273272" lon="-0.307382"/>
      <trkpt lat="43.273435" lon="-0.307534"/>
      <trkpt lat="43.273494" lon="-0.307532"/>
      <trkpt lat="43.273550" lon="-0.307555"/>
      <trkpt lat="43.273597" lon="-0.307601"/>
      <trkpt lat="43.273633" lon="-0.307665"/>
      <trkpt lat="43.273651" lon="-0.307739"/>
      <trkpt lat="43.273652" lon="-0.307817"/>
      <trkpt lat="43.273644" lon="-0.307865"/>
      <trkpt lat="43.273709" lon="-0.308148"/>
      <trkpt lat="43.273865" lon="-0.308582"/>
      <trkpt lat="43.275253" lon="-0.311314"/>
      <trkpt lat="43.275774" lon="-0.312149"/>
      <trkpt lat="43.276068" lon="-0.312551"/>
      <trkpt lat="43.276487" lon="-0.313030"/>
      <trkpt lat="43.276792" lon="-0.313347"/>
      <trkpt lat="43.277313" lon="-0.313728"/>
      <trkpt lat="43.277740" lon="-0.314011"/>
      <trkpt lat="43.278139" lon="-0.314245"/>
      <trkpt lat="43.278794" lon="-0.314507"/>
      <trkpt lat="43.280619" lon="-0.315017"/>
      <trkpt lat="43.281344" lon="-0.315217"/>
      <trkpt lat="43.281837" lon="-0.315408"/>
      <trkpt lat="43.282211" lon="-0.315580"/>
      <trkpt lat="43.282642" lon="-0.315879"/>
      <trkpt lat="43.282950" lon="-0.316166"/>
      <trkpt lat="43.283248" lon="-0.316551"/>
      <trkpt lat="43.283491" lon="-0.316936"/>
      <trkpt lat="43.283711" lon="-0.317345"/>
      <trkpt lat="43.283885" lon="-0.317720"/>
      <trkpt lat="43.284694" lon="-0.320485"/>
      <trkpt lat="43.285134" lon="-0.322043"/>
      <trkpt lat="43.285871" lon="-0.324606"/>
      <trkpt lat="43.285964" lon="-0.324996"/>
      <trkpt lat="43.286085" lon="-0.325418"/>
      <trkpt lat="43.286996" lon="-0.328599"/>
      <trkpt lat="43.287086" lon="-0.328933"/>
      <trkpt lat="43.287131" lon="-0.329125"/>
      <trkpt lat="43.287216" lon="-0.329628"/>
      <trkpt lat="43.287306" lon="-0.330765"/>
      <trkpt lat="43.287335" lon="-0.330895"/>
      <trkpt lat="43.287350" lon="-0.331017"/>
      <trkpt lat="43.287404" lon="-0.331374"/>
      <trkpt lat="43.287463" lon="-0.331681"/>
      <trkpt lat="43.287503" lon="-0.331853"/>
      <trkpt lat="43.287535" lon="-0.331960"/>
      <trkpt lat="43.287586" lon="-0.332082"/>
      <trkpt lat="43.287606" lon="-0.332124"/>
      <trkpt lat="43.287682" lon="-0.332139"/>
      <trkpt lat="43.287749" lon="-0.332186"/>
      <trkpt lat="43.287801" lon="-0.332261"/>
      <trkpt lat="43.287828" lon="-0.332337"/>
      <trkpt lat="43.287840" lon="-0.332419"/>
      <trkpt lat="43.287835" lon="-0.332503"/>
      <trkpt lat="43.287816" lon="-0.332578"/>
      <trkpt lat="43.287783" lon="-0.332644"/>
      <trkpt lat="43.287739" lon="-0.332696"/>
      <trkpt lat="43.287687" lon="-0.332731"/>
      <trkpt lat="43.287630" lon="-0.332747"/>
      <trkpt lat="43.287579" lon="-0.332815"/>
      <trkpt lat="43.287516" lon="-0.332930"/>
      <trkpt lat="43.287460" lon="-0.333054"/>
      <trkpt lat="43.287400" lon="-0.333212"/>
      <trkpt lat="43.287409" lon="-0.333693"/>
      <trkpt lat="43.287695" lon="-0.335246"/>
      <trkpt lat="43.287753" lon="-0.335829"/>
      <trkpt lat="43.287768" lon="-0.336110"/>
      <trkpt lat="43.287836" lon="-0.337442"/>
      <trkpt lat="43.287833" lon="-0.337722"/>
      <trkpt lat="43.287815" lon="-0.338026"/>
      <trkpt lat="43.287786" lon="-0.338299"/>
      <trkpt lat="43.287740" lon="-0.338542"/>
      <trkpt lat="43.287697" lon="-0.338708"/>
      <trkpt lat="43.287645" lon="-0.338886"/>
      <trkpt lat="43.287563" lon="-0.339110"/>
      <trkpt lat="43.287453" lon="-0.339363"/>
      <trkpt lat="43.287241" lon="-0.339738"/>
      <trkpt lat="43.285578" lon="-0.342328"/>
      <trkpt lat="43.285465" lon="-0.342493"/>
      <trkpt lat="43.285388" lon="-0.342624"/>
      <trkpt lat="43.285357" lon="-0.342677"/>
      <trkpt lat="43.285197" lon="-0.342986"/>
      <trkpt lat="43.285113" lon="-0.343201"/>
      <trkpt lat="43.285103" lon="-0.343307"/>
      <trkpt lat="43.285082" lon="-0.343417"/>
      <trkpt lat="43.285028" lon="-0.343615"/>
      <trkpt lat="43.284989" lon="-0.343800"/>
      <trkpt lat="43.284968" lon="-0.344006"/>
      <trkpt lat="43.284967" lon="-0.344081"/>
      <trkpt lat="43.284994" lon="-0.344139"/>
      <trkpt lat="43.285008" lon="-0.344205"/>
      <trkpt lat="43.285006" lon="-0.344275"/>
      <trkpt lat="43.284989" lon="-0.344340"/>
      <trkpt lat="43.284958" lon="-0.344394"/>
      <trkpt lat="43.284916" lon="-0.344434"/>
      <trkpt lat="43.284890" lon="-0.344510"/>
      <trkpt lat="43.284867" lon="-0.344599"/>
      <trkpt lat="43.284809" lon="-0.344951"/>
      <trkpt lat="43.284753" lon="-0.346314"/>
      <trkpt lat="43.284739" lon="-0.346551"/>
      <trkpt lat="43.284717" lon="-0.346831"/>
      <trkpt lat="43.284691" lon="-0.347059"/>
      <trkpt lat="43.284637" lon="-0.347445"/>
      <trkpt lat="43.284517" lon="-0.348179"/>
      <trkpt lat="43.284489" lon="-0.348378"/>
      <trkpt lat="43.284453" lon="-0.348667"/>
      <trkpt lat="43.284425" lon="-0.349021"/>
      <trkpt lat="43.284406" lon="-0.349357"/>
      <trkpt lat="43.284403" lon="-0.349580"/>
      <trkpt lat="43.284405" lon="-0.349938"/>
      <trkpt lat="43.284423" lon="-0.350358"/>
      <trkpt lat="43.284456" lon="-0.350691"/>
      <trkpt lat="43.284523" lon="-0.351305"/>
      <trkpt lat="43.284571" lon="-0.351795"/>
      <trkpt lat="43.284599" lon="-0.352177"/>
      <trkpt lat="43.284602" lon="-0.352437"/>
      <trkpt lat="43.284591" lon="-0.352752"/>
      <trkpt lat="43.284566" lon="-0.352980"/>
      <trkpt lat="43.284525" lon="-0.353225"/>
      <trkpt lat="43.284424" lon="-0.353657"/>
      <trkpt lat="43.284295" lon="-0.354068"/>
      <trkpt lat="43.284181" lon="-0.354338"/>
      <trkpt lat="43.284023" lon="-0.354630"/>
      <trkpt lat="43.283876" lon="-0.354860"/>
      <trkpt lat="43.283694" lon="-0.355099"/>
      <trkpt lat="43.283475" lon="-0.355349"/>
      <trkpt lat="43.281035" lon="-0.357270"/>
      <trkpt lat="43.280999" lon="-0.357350"/>
      <trkpt lat="43.280964" lon="-0.357444"/>
      <trkpt lat="43.280937" lon="-0.357507"/>
      <trkpt lat="43.280939" lon="-0.357541"/>
      <trkpt lat="43.280937" lon="-0.357575"/>
      <trkpt lat="43.280921" lon="-0.357636"/>
      <trkpt lat="43.280891" lon="-0.357687"/>
      <trkpt lat="43.280855" lon="-0.357717"/>
      <trkpt lat="43.280815" lon="-0.357731"/>
      <trkpt lat="43.280789" lon="-0.357729"/>
      <trkpt lat="43.280773" lon="-0.357728"/>
      <trkpt lat="43.280608" lon="-0.357813"/>
      <trkpt lat="43.278935" lon="-0.360143"/>
      <trkpt lat="43.278894" lon="-0.360263"/>
      <trkpt lat="43.278808" lon="-0.360463"/>
      <trkpt lat="43.278806" lon="-0.360517"/>
      <trkpt lat="43.278795" lon="-0.360569"/>
      <trkpt lat="43.278776" lon="-0.360616"/>
      <trkpt lat="43.278741" lon="-0.360664"/>
      <trkpt lat="43.278693" lon="-0.360698"/>
      <trkpt lat="43.278640" lon="-0.360710"/>
      <trkpt lat="43.278613" lon="-0.360705"/>
      <trkpt lat="43.278587" lon="-0.360699"/>
      <trkpt lat="43.278492" lon="-0.360730"/>
      <trkpt lat="43.278237" lon="-0.360879"/>
      <trkpt lat="43.277972" lon="-0.361170"/>
      <trkpt lat="43.277807" lon="-0.361366"/>
      <trkpt lat="43.277679" lon="-0.361552"/>
      <trkpt lat="43.277549" lon="-0.361790"/>
      <trkpt lat="43.277443" lon="-0.362034"/>
      <trkpt lat="43.277338" lon="-0.362329"/>
      <trkpt lat="43.277271" lon="-0.362597"/>
      <trkpt lat="43.277233" lon="-0.362813"/>
      <trkpt lat="43.277204" lon="-0.363040"/>
      <trkpt lat="43.277190" lon="-0.363276"/>
      <trkpt lat="43.277192" lon="-0.363517"/>
      <trkpt lat="43.277212" lon="-0.363784"/>
      <trkpt lat="43.277241" lon="-0.363999"/>
      <trkpt lat="43.277286" lon="-0.364236"/>
      <trkpt lat="43.277353" lon="-0.364480"/>
      <trkpt lat="43.277453" lon="-0.364764"/>
      <trkpt lat="43.277562" lon="-0.365025"/>
      <trkpt lat="43.277665" lon="-0.365255"/>
      <trkpt lat="43.277932" lon="-0.365849"/>
      <trkpt lat="43.278092" lon="-0.366228"/>
      <trkpt lat="43.278269" lon="-0.366719"/>
      <trkpt lat="43.278385" lon="-0.367135"/>
      <trkpt lat="43.278459" lon="-0.367524"/>
      <trkpt lat="43.278515" lon="-0.367917"/>
      <trkpt lat="43.278551" lon="-0.368317"/>
      <trkpt lat="43.278579" lon="-0.369360"/>
      <trkpt lat="43.278613" lon="-0.370623"/>
      <trkpt lat="43.278700" lon="-0.371973"/>
      <trkpt lat="43.278768" lon="-0.372849"/>
      <trkpt lat="43.278961" lon="-0.373856"/>
      <trkpt lat="43.279136" lon="-0.374749"/>
      <trkpt lat="43.279193" lon="-0.375187"/>
      <trkpt lat="43.279202" lon="-0.375283"/>
      <trkpt lat="43.279242" lon="-0.375299"/>
      <trkpt lat="43.279279" lon="-0.375330"/>
      <trkpt lat="43.279310" lon="-0.375377"/>
      <trkpt lat="43.279330" lon="-0.375434"/>
      <trkpt lat="43.279336" lon="-0.375498"/>
      <trkpt lat="43.279331" lon="-0.375545"/>
      <trkpt lat="43.279329" lon="-0.375561"/>
      <trkpt lat="43.279305" lon="-0.375626"/>
      <trkpt lat="43.279266" lon="-0.375675"/>
      <trkpt lat="43.279217" lon="-0.375704"/>
      <trkpt lat="43.279179" lon="-0.375710"/>
      <trkpt lat="43.279142" lon="-0.375704"/>
      <trkpt lat="43.279107" lon="-0.375685"/>
      <trkpt lat="43.279009" lon="-0.375748"/>
      <trkpt lat="43.278858" lon="-0.375933"/>
      <trkpt lat="43.278800" lon="-0.376083"/>
      <trkpt lat="43.278747" lon="-0.376272"/>
      <trkpt lat="43.278713" lon="-0.376478"/>
      <trkpt lat="43.278686" lon="-0.376680"/>
      <trkpt lat="43.278671" lon="-0.376909"/>
      <trkpt lat="43.278669" lon="-0.377099"/>
      <trkpt lat="43.278677" lon="-0.377256"/>
      <trkpt lat="43.278688" lon="-0.377483"/>
      <trkpt lat="43.278722" lon="-0.377706"/>
      <trkpt lat="43.278765" lon="-0.377953"/>
      <trkpt lat="43.278823" lon="-0.378202"/>
      <trkpt lat="43.278876" lon="-0.378406"/>
      <trkpt lat="43.278905" lon="-0.378515"/>
      <trkpt lat="43.278908" lon="-0.378528"/>
      <trkpt lat="43.279018" lon="-0.378925"/>
      <trkpt lat="43.279137" lon="-0.379365"/>
      <trkpt lat="43.279224" lon="-0.379581"/>
      <trkpt lat="43.279319" lon="-0.379862"/>
      <trkpt lat="43.279368" lon="-0.379953"/>
      <trkpt lat="43.279407" lon="-0.379955"/>
      <trkpt lat="43.279444" lon="-0.379971"/>
      <trkpt lat="43.279477" lon="-0.380000"/>
      <trkpt lat="43.279503" lon="-0.380040"/>
      <trkpt lat="43.279519" lon="-0.380084"/>
      <trkpt lat="43.279528" lon="-0.380133"/>
      <trkpt lat="43.279527" lon="-0.380183"/>
      <trkpt lat="43.279520" lon="-0.380224"/>
      <trkpt lat="43.279506" lon="-0.380262"/>
      <trkpt lat="43.279525" lon="-0.380450"/>
      <trkpt lat="43.279601" lon="-0.380721"/>
      <trkpt lat="43.279626" lon="-0.380843"/>
      <trkpt lat="43.279639" lon="-0.380876"/>
      <trkpt lat="43.280047" lon="-0.382029"/>
      <trkpt lat="43.280358" lon="-0.383078"/>
      <trkpt lat="43.280388" lon="-0.383188"/>
      <trkpt lat="43.280632" lon="-0.384087"/>
      <trkpt lat="43.280793" lon="-0.384806"/>
      <trkpt lat="43.280884" lon="-0.385392"/>
      <trkpt lat="43.281006" lon="-0.386176"/>
      <trkpt lat="43.281055" lon="-0.386313"/>
      <trkpt lat="43.281129" lon="-0.386500"/>
      <trkpt lat="43.281258" lon="-0.386852"/>
      <trkpt lat="43.281348" lon="-0.387072"/>
      <trkpt lat="43.281455" lon="-0.387271"/>
      <trkpt lat="43.281475" lon="-0.387331"/>
      <trkpt lat="43.281477" lon="-0.387389"/>
      <trkpt lat="43.281451" lon="-0.387474"/>
      <trkpt lat="43.281074" lon="-0.387534"/>
      <trkpt lat="43.280812" lon="-0.387570"/>
      <trkpt lat="43.280352" lon="-0.387635"/>
      <trkpt lat="43.280336" lon="-0.387637"/>
    </trkseg>
  </trk>
</gpx>